,cases,county,date,fips,state,population,rate
0,0.001,Essex,2020-04-18,50009,Vermont,6163,0.001_0.06
1062,0.035,Androscoggin,2020-04-18,23001,Maine,108277,0.01_0.8
1061,0.034,Windsor,2020-04-18,50027,Vermont,55062,0.01_0.8
1060,0.031,Washington,2020-04-18,50023,Vermont,58409,0.01_0.8
1059,0.03,Carroll,2020-04-18,33003,New Hampshire,48910,0.01_0.8
1058,0.027999999999999997,Cheshire,2020-04-18,33005,New Hampshire,76085,0.01_0.8
1057,0.025,Belknap,2020-04-18,33001,New Hampshire,61303,0.01_0.8
1056,0.023,Lamoille,2020-04-18,50015,Vermont,25362,0.01_0.8
1055,0.015,Somerset,2020-04-18,23025,Maine,50484,0.01_0.8
1054,0.015,Sagadahoc,2020-04-18,23023,Maine,35856,0.01_0.8
1053,0.013000000000000001,Oxford,2020-04-18,23017,Maine,57975,0.01_0.8
1063,0.037000000000000005,Bennington,2020-04-18,50003,Vermont,35470,0.01_0.8
1052,0.012,Lincoln,2020-04-18,23015,Maine,34634,0.01_0.8
1050,0.011000000000000001,Franklin,2020-04-18,23007,Maine,30199,0.01_0.8
1049,0.01,Caledonia,2020-04-18,50005,Vermont,29993,0.01_0.8
1048,0.01,Sullivan,2020-04-18,33019,New Hampshire,43146,0.01_0.8
1047,0.009000000000000001,Orleans,2020-04-18,50019,Vermont,27037,0.01_0.8
1046,0.006,Hancock,2020-04-18,23009,Maine,54987,0.01_0.8
1045,0.005,Orange,2020-04-18,50017,Vermont,28892,0.01_0.8
1044,0.003,Grand Isle,2020-04-18,50013,Vermont,7235,0.01_0.8
1043,0.002,Coos,2020-04-18,33007,New Hampshire,31563,0.01_0.8
1042,0.002,Washington,2020-04-18,23029,Maine,31379,0.01_0.8
1041,0.002,Aroostook,2020-04-18,23003,Maine,67055,0.01_0.8
1051,0.012,Knox,2020-04-18,23013,Maine,39772,0.01_0.8
1040,0.001,Essex,2020-04-18,50009,Vermont,6163,0.01_0.8
1064,0.040999999999999995,Penobscot,2020-04-18,23019,Maine,152148,0.01_0.8
1066,0.042,Rutland,2020-04-18,50021,Vermont,58191,0.01_0.8
1088,3.014,Providence,2020-04-18,44007,Rhode Island,638931,0.01_0.8
1087,0.593,Litchfield,2020-04-18,09005,Connecticut,180333,0.01_0.8
1086,0.552,Hillsborough,2020-04-18,33011,New Hampshire,417025,0.01_0.8
1085,0.466,Rockingham,2020-04-18,33015,New Hampshire,309769,0.01_0.8
1084,0.44799999999999995,Middlesex,2020-04-18,09007,Connecticut,162436,0.01_0.8
1083,0.384,Chittenden,2020-04-18,50007,Vermont,163774,0.01_0.8
1082,0.369,Cumberland,2020-04-18,23005,Maine,295003,0.01_0.8
1081,0.316,Kent,2020-04-18,44003,Rhode Island,164292,0.01_0.8
1080,0.315,New London,2020-04-18,09011,Connecticut,265206,0.01_0.8
1079,0.27,Tolland,2020-04-18,09013,Connecticut,150721,0.01_0.8
1065,0.042,Waldo,2020-04-18,23027,Maine,39715,0.01_0.8
1078,0.184,Washington,2020-04-18,44009,Rhode Island,125577,0.01_0.8
1076,0.10300000000000001,Newport,2020-04-18,44005,Rhode Island,82082,0.01_0.8
1075,0.09699999999999999,Windham,2020-04-18,09015,Connecticut,116782,0.01_0.8
1074,0.096,Kennebec,2020-04-18,23011,Maine,122302,0.01_0.8
1073,0.092,Strafford,2020-04-18,33017,New Hampshire,130633,0.01_0.8
1072,0.092,Merrimack,2020-04-18,33013,New Hampshire,151391,0.01_0.8
1071,0.09,Franklin,2020-04-18,50011,Vermont,49402,0.01_0.8
1070,0.063,Windham,2020-04-18,50025,Vermont,42222,0.01_0.8
1069,0.061,Addison,2020-04-18,50001,Vermont,36777,0.01_0.8
1068,0.059000000000000004,Bristol,2020-04-18,44001,Rhode Island,48479,0.01_0.8
1067,0.045,Grafton,2020-04-18,33009,New Hampshire,89886,0.01_0.8
1077,0.175,York,2020-04-18,23031,Maine,207641,0.01_0.8
1089,3.196,Hartford,2020-04-18,09003,Connecticut,891720,0.01_0.8
520,0.001,Essex,2020-04-18,50009,Vermont,6163,0.003_0.08
522,0.002,Washington,2020-04-18,23029,Maine,31379,0.003_0.08
549,0.061,Addison,2020-04-18,50001,Vermont,36777,0.003_0.08
550,0.063,Windham,2020-04-18,50025,Vermont,42222,0.003_0.08
551,0.09,Franklin,2020-04-18,50011,Vermont,49402,0.003_0.08
552,0.092,Merrimack,2020-04-18,33013,New Hampshire,151391,0.003_0.08
553,0.092,Strafford,2020-04-18,33017,New Hampshire,130633,0.003_0.08
554,0.096,Kennebec,2020-04-18,23011,Maine,122302,0.003_0.08
555,0.09699999999999999,Windham,2020-04-18,09015,Connecticut,116782,0.003_0.08
556,0.10300000000000001,Newport,2020-04-18,44005,Rhode Island,82082,0.003_0.08
557,0.175,York,2020-04-18,23031,Maine,207641,0.003_0.08
558,0.184,Washington,2020-04-18,44009,Rhode Island,125577,0.003_0.08
548,0.059000000000000004,Bristol,2020-04-18,44001,Rhode Island,48479,0.003_0.08
559,0.27,Tolland,2020-04-18,09013,Connecticut,150721,0.003_0.08
561,0.316,Kent,2020-04-18,44003,Rhode Island,164292,0.003_0.08
562,0.369,Cumberland,2020-04-18,23005,Maine,295003,0.003_0.08
563,0.384,Chittenden,2020-04-18,50007,Vermont,163774,0.003_0.08
564,0.44799999999999995,Middlesex,2020-04-18,09007,Connecticut,162436,0.003_0.08
565,0.466,Rockingham,2020-04-18,33015,New Hampshire,309769,0.003_0.08
566,0.552,Hillsborough,2020-04-18,33011,New Hampshire,417025,0.003_0.08
567,0.593,Litchfield,2020-04-18,09005,Connecticut,180333,0.003_0.08
568,3.014,Providence,2020-04-18,44007,Rhode Island,638931,0.003_0.08
569,3.196,Hartford,2020-04-18,09003,Connecticut,891720,0.003_0.08
570,4.743,New Haven,2020-04-18,09009,Connecticut,854757,0.003_0.08
560,0.315,New London,2020-04-18,09011,Connecticut,265206,0.003_0.08
521,0.002,Aroostook,2020-04-18,23003,Maine,67055,0.003_0.08
547,0.045,Grafton,2020-04-18,33009,New Hampshire,89886,0.003_0.08
545,0.042,Waldo,2020-04-18,23027,Maine,39715,0.003_0.08
523,0.002,Coos,2020-04-18,33007,New Hampshire,31563,0.003_0.08
524,0.003,Grand Isle,2020-04-18,50013,Vermont,7235,0.003_0.08
525,0.005,Orange,2020-04-18,50017,Vermont,28892,0.003_0.08
526,0.006,Hancock,2020-04-18,23009,Maine,54987,0.003_0.08
527,0.009000000000000001,Orleans,2020-04-18,50019,Vermont,27037,0.003_0.08
528,0.01,Sullivan,2020-04-18,33019,New Hampshire,43146,0.003_0.08
529,0.01,Caledonia,2020-04-18,50005,Vermont,29993,0.003_0.08
530,0.011000000000000001,Franklin,2020-04-18,23007,Maine,30199,0.003_0.08
531,0.012,Knox,2020-04-18,23013,Maine,39772,0.003_0.08
532,0.012,Lincoln,2020-04-18,23015,Maine,34634,0.003_0.08
546,0.042,Rutland,2020-04-18,50021,Vermont,58191,0.003_0.08
533,0.013000000000000001,Oxford,2020-04-18,23017,Maine,57975,0.003_0.08
535,0.015,Somerset,2020-04-18,23025,Maine,50484,0.003_0.08
536,0.023,Lamoille,2020-04-18,50015,Vermont,25362,0.003_0.08
537,0.025,Belknap,2020-04-18,33001,New Hampshire,61303,0.003_0.08
538,0.027999999999999997,Cheshire,2020-04-18,33005,New Hampshire,76085,0.003_0.08
539,0.03,Carroll,2020-04-18,33003,New Hampshire,48910,0.003_0.08
540,0.031,Washington,2020-04-18,50023,Vermont,58409,0.003_0.08
541,0.034,Windsor,2020-04-18,50027,Vermont,55062,0.003_0.08
542,0.035,Androscoggin,2020-04-18,23001,Maine,108277,0.003_0.08
543,0.037000000000000005,Bennington,2020-04-18,50003,Vermont,35470,0.003_0.08
544,0.040999999999999995,Penobscot,2020-04-18,23019,Maine,152148,0.003_0.08
534,0.015,Sagadahoc,2020-04-18,23023,Maine,35856,0.003_0.08
571,7.3629999999999995,Fairfield,2020-04-18,09001,Connecticut,943332,0.003_0.08
1090,4.743,New Haven,2020-04-18,09009,Connecticut,854757,0.01_0.8
50,4.743,New Haven,2020-04-18,09009,Connecticut,854757,0.001_0.06
28,0.059000000000000004,Bristol,2020-04-18,44001,Rhode Island,48479,0.001_0.06
29,0.061,Addison,2020-04-18,50001,Vermont,36777,0.001_0.06
30,0.063,Windham,2020-04-18,50025,Vermont,42222,0.001_0.06
31,0.09,Franklin,2020-04-18,50011,Vermont,49402,0.001_0.06
32,0.092,Merrimack,2020-04-18,33013,New Hampshire,151391,0.001_0.06
33,0.092,Strafford,2020-04-18,33017,New Hampshire,130633,0.001_0.06
34,0.096,Kennebec,2020-04-18,23011,Maine,122302,0.001_0.06
35,0.09699999999999999,Windham,2020-04-18,09015,Connecticut,116782,0.001_0.06
36,0.10300000000000001,Newport,2020-04-18,44005,Rhode Island,82082,0.001_0.06
37,0.175,York,2020-04-18,23031,Maine,207641,0.001_0.06
27,0.045,Grafton,2020-04-18,33009,New Hampshire,89886,0.001_0.06
38,0.184,Washington,2020-04-18,44009,Rhode Island,125577,0.001_0.06
40,0.315,New London,2020-04-18,09011,Connecticut,265206,0.001_0.06
41,0.316,Kent,2020-04-18,44003,Rhode Island,164292,0.001_0.06
42,0.369,Cumberland,2020-04-18,23005,Maine,295003,0.001_0.06
43,0.384,Chittenden,2020-04-18,50007,Vermont,163774,0.001_0.06
44,0.44799999999999995,Middlesex,2020-04-18,09007,Connecticut,162436,0.001_0.06
45,0.466,Rockingham,2020-04-18,33015,New Hampshire,309769,0.001_0.06
46,0.552,Hillsborough,2020-04-18,33011,New Hampshire,417025,0.001_0.06
47,0.593,Litchfield,2020-04-18,09005,Connecticut,180333,0.001_0.06
48,3.014,Providence,2020-04-18,44007,Rhode Island,638931,0.001_0.06
49,3.196,Hartford,2020-04-18,09003,Connecticut,891720,0.001_0.06
39,0.27,Tolland,2020-04-18,09013,Connecticut,150721,0.001_0.06
26,0.042,Rutland,2020-04-18,50021,Vermont,58191,0.001_0.06
25,0.042,Waldo,2020-04-18,23027,Maine,39715,0.001_0.06
24,0.040999999999999995,Penobscot,2020-04-18,23019,Maine,152148,0.001_0.06
1,0.002,Aroostook,2020-04-18,23003,Maine,67055,0.001_0.06
2,0.002,Washington,2020-04-18,23029,Maine,31379,0.001_0.06
3,0.002,Coos,2020-04-18,33007,New Hampshire,31563,0.001_0.06
4,0.003,Grand Isle,2020-04-18,50013,Vermont,7235,0.001_0.06
5,0.005,Orange,2020-04-18,50017,Vermont,28892,0.001_0.06
6,0.006,Hancock,2020-04-18,23009,Maine,54987,0.001_0.06
7,0.009000000000000001,Orleans,2020-04-18,50019,Vermont,27037,0.001_0.06
8,0.01,Sullivan,2020-04-18,33019,New Hampshire,43146,0.001_0.06
9,0.01,Caledonia,2020-04-18,50005,Vermont,29993,0.001_0.06
10,0.011000000000000001,Franklin,2020-04-18,23007,Maine,30199,0.001_0.06
11,0.012,Knox,2020-04-18,23013,Maine,39772,0.001_0.06
12,0.012,Lincoln,2020-04-18,23015,Maine,34634,0.001_0.06
13,0.013000000000000001,Oxford,2020-04-18,23017,Maine,57975,0.001_0.06
14,0.015,Sagadahoc,2020-04-18,23023,Maine,35856,0.001_0.06
15,0.015,Somerset,2020-04-18,23025,Maine,50484,0.001_0.06
16,0.023,Lamoille,2020-04-18,50015,Vermont,25362,0.001_0.06
17,0.025,Belknap,2020-04-18,33001,New Hampshire,61303,0.001_0.06
18,0.027999999999999997,Cheshire,2020-04-18,33005,New Hampshire,76085,0.001_0.06
19,0.03,Carroll,2020-04-18,33003,New Hampshire,48910,0.001_0.06
20,0.031,Washington,2020-04-18,50023,Vermont,58409,0.001_0.06
21,0.034,Windsor,2020-04-18,50027,Vermont,55062,0.001_0.06
22,0.035,Androscoggin,2020-04-18,23001,Maine,108277,0.001_0.06
23,0.037000000000000005,Bennington,2020-04-18,50003,Vermont,35470,0.001_0.06
51,7.3629999999999995,Fairfield,2020-04-18,09001,Connecticut,943332,0.001_0.06
1091,7.3629999999999995,Fairfield,2020-04-18,09001,Connecticut,943332,0.01_0.8
1092,0.002,Aroostook,2020-04-19,23003,Maine,67055,0.01_0.8
1140,3.292,Providence,2020-04-19,44007,Rhode Island,638931,0.01_0.8
1113,0.035,Androscoggin,2020-04-19,23001,Maine,108277,0.01_0.8
1112,0.032,Washington,2020-04-19,50023,Vermont,58409,0.01_0.8
1111,0.03,Carroll,2020-04-19,33003,New Hampshire,48910,0.01_0.8
1110,0.028999999999999998,Cheshire,2020-04-19,33005,New Hampshire,76085,0.01_0.8
1109,0.026000000000000002,Belknap,2020-04-19,33001,New Hampshire,61303,0.01_0.8
1108,0.023,Lamoille,2020-04-19,50015,Vermont,25362,0.01_0.8
1107,0.016,Somerset,2020-04-19,23025,Maine,50484,0.01_0.8
1106,0.016,Sagadahoc,2020-04-19,23023,Maine,35856,0.01_0.8
1105,0.013999999999999999,Oxford,2020-04-19,23017,Maine,57975,0.01_0.8
1104,0.012,Caledonia,2020-04-19,50005,Vermont,29993,0.01_0.8
1103,0.012,Lincoln,2020-04-19,23015,Maine,34634,0.01_0.8
1102,0.012,Knox,2020-04-19,23013,Maine,39772,0.01_0.8
1101,0.012,Franklin,2020-04-19,23007,Maine,30199,0.01_0.8
1100,0.01,Sullivan,2020-04-19,33019,New Hampshire,43146,0.01_0.8
1099,0.009000000000000001,Orleans,2020-04-19,50019,Vermont,27037,0.01_0.8
1098,0.006,Hancock,2020-04-19,23009,Maine,54987,0.01_0.8
1097,0.005,Orange,2020-04-19,50017,Vermont,28892,0.01_0.8
1096,0.003,Grand Isle,2020-04-19,50013,Vermont,7235,0.01_0.8
1095,0.002,Essex,2020-04-19,50009,Vermont,6163,0.01_0.8
1094,0.002,Coos,2020-04-19,33007,New Hampshire,31563,0.01_0.8
1093,0.002,Washington,2020-04-19,23029,Maine,31379,0.01_0.8
1114,0.037000000000000005,Bennington,2020-04-19,50003,Vermont,35470,0.01_0.8
1115,0.037000000000000005,Windsor,2020-04-19,50027,Vermont,55062,0.01_0.8
1116,0.042,Waldo,2020-04-19,23027,Maine,39715,0.01_0.8
1117,0.043,Penobscot,2020-04-19,23019,Maine,152148,0.01_0.8
1139,0.6,Litchfield,2020-04-19,09005,Connecticut,180333,0.01_0.8
1138,0.581,Hillsborough,2020-04-19,33011,New Hampshire,417025,0.01_0.8
1137,0.479,Rockingham,2020-04-19,33015,New Hampshire,309769,0.01_0.8
1136,0.462,Middlesex,2020-04-19,09007,Connecticut,162436,0.01_0.8
1135,0.385,Chittenden,2020-04-19,50007,Vermont,163774,0.01_0.8
1134,0.37799999999999995,Cumberland,2020-04-19,23005,Maine,295003,0.01_0.8
1133,0.341,Kent,2020-04-19,44003,Rhode Island,164292,0.01_0.8
1132,0.33899999999999997,New London,2020-04-19,09011,Connecticut,265206,0.01_0.8
1131,0.276,Tolland,2020-04-19,09013,Connecticut,150721,0.01_0.8
1130,0.188,Washington,2020-04-19,44009,Rhode Island,125577,0.01_0.8
1141,3.3510000000000004,Hartford,2020-04-19,09003,Connecticut,891720,0.01_0.8
1129,0.177,York,2020-04-19,23031,Maine,207641,0.01_0.8
1127,0.1,Windham,2020-04-19,09015,Connecticut,116782,0.01_0.8
1126,0.09699999999999999,Kennebec,2020-04-19,23011,Maine,122302,0.01_0.8
1125,0.094,Strafford,2020-04-19,33017,New Hampshire,130633,0.01_0.8
1124,0.094,Merrimack,2020-04-19,33013,New Hampshire,151391,0.01_0.8
1123,0.091,Franklin,2020-04-19,50011,Vermont,49402,0.01_0.8
1122,0.065,Bristol,2020-04-19,44001,Rhode Island,48479,0.01_0.8
1121,0.062,Windham,2020-04-19,50025,Vermont,42222,0.01_0.8
1120,0.061,Addison,2020-04-19,50001,Vermont,36777,0.01_0.8
1119,0.045,Grafton,2020-04-19,33009,New Hampshire,89886,0.01_0.8
1118,0.043,Rutland,2020-04-19,50021,Vermont,58191,0.01_0.8
1128,0.105,Newport,2020-04-19,44005,Rhode Island,82082,0.01_0.8
572,0.002,Aroostook,2020-04-19,23003,Maine,67055,0.003_0.08
598,0.043,Rutland,2020-04-19,50021,Vermont,58191,0.003_0.08
574,0.002,Coos,2020-04-19,33007,New Hampshire,31563,0.003_0.08
80,0.061,Addison,2020-04-19,50001,Vermont,36777,0.001_0.06
81,0.062,Windham,2020-04-19,50025,Vermont,42222,0.001_0.06
82,0.065,Bristol,2020-04-19,44001,Rhode Island,48479,0.001_0.06
83,0.091,Franklin,2020-04-19,50011,Vermont,49402,0.001_0.06
84,0.094,Merrimack,2020-04-19,33013,New Hampshire,151391,0.001_0.06
85,0.094,Strafford,2020-04-19,33017,New Hampshire,130633,0.001_0.06
86,0.09699999999999999,Kennebec,2020-04-19,23011,Maine,122302,0.001_0.06
87,0.1,Windham,2020-04-19,09015,Connecticut,116782,0.001_0.06
88,0.105,Newport,2020-04-19,44005,Rhode Island,82082,0.001_0.06
89,0.177,York,2020-04-19,23031,Maine,207641,0.001_0.06
90,0.188,Washington,2020-04-19,44009,Rhode Island,125577,0.001_0.06
91,0.276,Tolland,2020-04-19,09013,Connecticut,150721,0.001_0.06
92,0.33899999999999997,New London,2020-04-19,09011,Connecticut,265206,0.001_0.06
93,0.341,Kent,2020-04-19,44003,Rhode Island,164292,0.001_0.06
94,0.37799999999999995,Cumberland,2020-04-19,23005,Maine,295003,0.001_0.06
95,0.385,Chittenden,2020-04-19,50007,Vermont,163774,0.001_0.06
96,0.462,Middlesex,2020-04-19,09007,Connecticut,162436,0.001_0.06
97,0.479,Rockingham,2020-04-19,33015,New Hampshire,309769,0.001_0.06
98,0.581,Hillsborough,2020-04-19,33011,New Hampshire,417025,0.001_0.06
99,0.6,Litchfield,2020-04-19,09005,Connecticut,180333,0.001_0.06
100,3.292,Providence,2020-04-19,44007,Rhode Island,638931,0.001_0.06
101,3.3510000000000004,Hartford,2020-04-19,09003,Connecticut,891720,0.001_0.06
102,4.871,New Haven,2020-04-19,09009,Connecticut,854757,0.001_0.06
79,0.045,Grafton,2020-04-19,33009,New Hampshire,89886,0.001_0.06
78,0.043,Rutland,2020-04-19,50021,Vermont,58191,0.001_0.06
77,0.043,Penobscot,2020-04-19,23019,Maine,152148,0.001_0.06
76,0.042,Waldo,2020-04-19,23027,Maine,39715,0.001_0.06
52,0.002,Aroostook,2020-04-19,23003,Maine,67055,0.001_0.06
53,0.002,Washington,2020-04-19,23029,Maine,31379,0.001_0.06
54,0.002,Coos,2020-04-19,33007,New Hampshire,31563,0.001_0.06
55,0.002,Essex,2020-04-19,50009,Vermont,6163,0.001_0.06
56,0.003,Grand Isle,2020-04-19,50013,Vermont,7235,0.001_0.06
57,0.005,Orange,2020-04-19,50017,Vermont,28892,0.001_0.06
58,0.006,Hancock,2020-04-19,23009,Maine,54987,0.001_0.06
59,0.009000000000000001,Orleans,2020-04-19,50019,Vermont,27037,0.001_0.06
60,0.01,Sullivan,2020-04-19,33019,New Hampshire,43146,0.001_0.06
61,0.012,Franklin,2020-04-19,23007,Maine,30199,0.001_0.06
62,0.012,Knox,2020-04-19,23013,Maine,39772,0.001_0.06
103,7.434,Fairfield,2020-04-19,09001,Connecticut,943332,0.001_0.06
63,0.012,Lincoln,2020-04-19,23015,Maine,34634,0.001_0.06
65,0.013999999999999999,Oxford,2020-04-19,23017,Maine,57975,0.001_0.06
66,0.016,Sagadahoc,2020-04-19,23023,Maine,35856,0.001_0.06
67,0.016,Somerset,2020-04-19,23025,Maine,50484,0.001_0.06
68,0.023,Lamoille,2020-04-19,50015,Vermont,25362,0.001_0.06
69,0.026000000000000002,Belknap,2020-04-19,33001,New Hampshire,61303,0.001_0.06
70,0.028999999999999998,Cheshire,2020-04-19,33005,New Hampshire,76085,0.001_0.06
71,0.03,Carroll,2020-04-19,33003,New Hampshire,48910,0.001_0.06
72,0.032,Washington,2020-04-19,50023,Vermont,58409,0.001_0.06
73,0.035,Androscoggin,2020-04-19,23001,Maine,108277,0.001_0.06
74,0.037000000000000005,Bennington,2020-04-19,50003,Vermont,35470,0.001_0.06
75,0.037000000000000005,Windsor,2020-04-19,50027,Vermont,55062,0.001_0.06
64,0.012,Caledonia,2020-04-19,50005,Vermont,29993,0.001_0.06
573,0.002,Washington,2020-04-19,23029,Maine,31379,0.003_0.08
1143,7.434,Fairfield,2020-04-19,09001,Connecticut,943332,0.01_0.8
623,7.434,Fairfield,2020-04-19,09001,Connecticut,943332,0.003_0.08
601,0.062,Windham,2020-04-19,50025,Vermont,42222,0.003_0.08
602,0.065,Bristol,2020-04-19,44001,Rhode Island,48479,0.003_0.08
603,0.091,Franklin,2020-04-19,50011,Vermont,49402,0.003_0.08
604,0.094,Merrimack,2020-04-19,33013,New Hampshire,151391,0.003_0.08
605,0.094,Strafford,2020-04-19,33017,New Hampshire,130633,0.003_0.08
606,0.09699999999999999,Kennebec,2020-04-19,23011,Maine,122302,0.003_0.08
607,0.1,Windham,2020-04-19,09015,Connecticut,116782,0.003_0.08
608,0.105,Newport,2020-04-19,44005,Rhode Island,82082,0.003_0.08
609,0.177,York,2020-04-19,23031,Maine,207641,0.003_0.08
610,0.188,Washington,2020-04-19,44009,Rhode Island,125577,0.003_0.08
611,0.276,Tolland,2020-04-19,09013,Connecticut,150721,0.003_0.08
612,0.33899999999999997,New London,2020-04-19,09011,Connecticut,265206,0.003_0.08
613,0.341,Kent,2020-04-19,44003,Rhode Island,164292,0.003_0.08
614,0.37799999999999995,Cumberland,2020-04-19,23005,Maine,295003,0.003_0.08
615,0.385,Chittenden,2020-04-19,50007,Vermont,163774,0.003_0.08
616,0.462,Middlesex,2020-04-19,09007,Connecticut,162436,0.003_0.08
617,0.479,Rockingham,2020-04-19,33015,New Hampshire,309769,0.003_0.08
618,0.581,Hillsborough,2020-04-19,33011,New Hampshire,417025,0.003_0.08
619,0.6,Litchfield,2020-04-19,09005,Connecticut,180333,0.003_0.08
620,3.292,Providence,2020-04-19,44007,Rhode Island,638931,0.003_0.08
621,3.3510000000000004,Hartford,2020-04-19,09003,Connecticut,891720,0.003_0.08
600,0.061,Addison,2020-04-19,50001,Vermont,36777,0.003_0.08
599,0.045,Grafton,2020-04-19,33009,New Hampshire,89886,0.003_0.08
1142,4.871,New Haven,2020-04-19,09009,Connecticut,854757,0.01_0.8
597,0.043,Penobscot,2020-04-19,23019,Maine,152148,0.003_0.08
575,0.002,Essex,2020-04-19,50009,Vermont,6163,0.003_0.08
576,0.003,Grand Isle,2020-04-19,50013,Vermont,7235,0.003_0.08
577,0.005,Orange,2020-04-19,50017,Vermont,28892,0.003_0.08
578,0.006,Hancock,2020-04-19,23009,Maine,54987,0.003_0.08
579,0.009000000000000001,Orleans,2020-04-19,50019,Vermont,27037,0.003_0.08
580,0.01,Sullivan,2020-04-19,33019,New Hampshire,43146,0.003_0.08
581,0.012,Franklin,2020-04-19,23007,Maine,30199,0.003_0.08
582,0.012,Knox,2020-04-19,23013,Maine,39772,0.003_0.08
583,0.012,Lincoln,2020-04-19,23015,Maine,34634,0.003_0.08
584,0.012,Caledonia,2020-04-19,50005,Vermont,29993,0.003_0.08
622,4.871,New Haven,2020-04-19,09009,Connecticut,854757,0.003_0.08
585,0.013999999999999999,Oxford,2020-04-19,23017,Maine,57975,0.003_0.08
587,0.016,Somerset,2020-04-19,23025,Maine,50484,0.003_0.08
588,0.023,Lamoille,2020-04-19,50015,Vermont,25362,0.003_0.08
589,0.026000000000000002,Belknap,2020-04-19,33001,New Hampshire,61303,0.003_0.08
590,0.028999999999999998,Cheshire,2020-04-19,33005,New Hampshire,76085,0.003_0.08
591,0.03,Carroll,2020-04-19,33003,New Hampshire,48910,0.003_0.08
592,0.032,Washington,2020-04-19,50023,Vermont,58409,0.003_0.08
593,0.035,Androscoggin,2020-04-19,23001,Maine,108277,0.003_0.08
594,0.037000000000000005,Bennington,2020-04-19,50003,Vermont,35470,0.003_0.08
595,0.037000000000000005,Windsor,2020-04-19,50027,Vermont,55062,0.003_0.08
596,0.042,Waldo,2020-04-19,23027,Maine,39715,0.003_0.08
586,0.016,Sagadahoc,2020-04-19,23023,Maine,35856,0.003_0.08
628,0.003,Grand Isle,2020-04-20,50013,Vermont,7235,0.003_0.08
629,0.005,Orange,2020-04-20,50017,Vermont,28892,0.003_0.08
625,0.002,Washington,2020-04-20,23029,Maine,31379,0.003_0.08
650,0.044000000000000004,Penobscot,2020-04-20,23019,Maine,152148,0.003_0.08
649,0.043,Rutland,2020-04-20,50021,Vermont,58191,0.003_0.08
648,0.043,Waldo,2020-04-20,23027,Maine,39715,0.003_0.08
647,0.037000000000000005,Windsor,2020-04-20,50027,Vermont,55062,0.003_0.08
646,0.037000000000000005,Bennington,2020-04-20,50003,Vermont,35470,0.003_0.08
645,0.035,Androscoggin,2020-04-20,23001,Maine,108277,0.003_0.08
644,0.032,Washington,2020-04-20,50023,Vermont,58409,0.003_0.08
643,0.03,Cheshire,2020-04-20,33005,New Hampshire,76085,0.003_0.08
642,0.03,Carroll,2020-04-20,33003,New Hampshire,48910,0.003_0.08
641,0.026000000000000002,Belknap,2020-04-20,33001,New Hampshire,61303,0.003_0.08
640,0.023,Lamoille,2020-04-20,50015,Vermont,25362,0.003_0.08
639,0.016,Somerset,2020-04-20,23025,Maine,50484,0.003_0.08
638,0.016,Sagadahoc,2020-04-20,23023,Maine,35856,0.003_0.08
637,0.013999999999999999,Oxford,2020-04-20,23017,Maine,57975,0.003_0.08
636,0.013000000000000001,Franklin,2020-04-20,23007,Maine,30199,0.003_0.08
635,0.012,Caledonia,2020-04-20,50005,Vermont,29993,0.003_0.08
634,0.012,Lincoln,2020-04-20,23015,Maine,34634,0.003_0.08
633,0.012,Knox,2020-04-20,23013,Maine,39772,0.003_0.08
632,0.01,Sullivan,2020-04-20,33019,New Hampshire,43146,0.003_0.08
631,0.009000000000000001,Orleans,2020-04-20,50019,Vermont,27037,0.003_0.08
630,0.006,Hancock,2020-04-20,23009,Maine,54987,0.003_0.08
627,0.002,Essex,2020-04-20,50009,Vermont,6163,0.003_0.08
652,0.061,Addison,2020-04-20,50001,Vermont,36777,0.003_0.08
653,0.063,Windham,2020-04-20,50025,Vermont,42222,0.003_0.08
654,0.067,Bristol,2020-04-20,44001,Rhode Island,48479,0.003_0.08
626,0.002,Coos,2020-04-20,33007,New Hampshire,31563,0.003_0.08
675,8.32,Fairfield,2020-04-20,09001,Connecticut,943332,0.003_0.08
674,5.272,New Haven,2020-04-20,09009,Connecticut,854757,0.003_0.08
673,3.823,Hartford,2020-04-20,09003,Connecticut,891720,0.003_0.08
672,3.491,Providence,2020-04-20,44007,Rhode Island,638931,0.003_0.08
671,0.639,Litchfield,2020-04-20,09005,Connecticut,180333,0.003_0.08
670,0.604,Hillsborough,2020-04-20,33011,New Hampshire,417025,0.003_0.08
669,0.489,Rockingham,2020-04-20,33015,New Hampshire,309769,0.003_0.08
668,0.484,Middlesex,2020-04-20,09007,Connecticut,162436,0.003_0.08
667,0.385,Chittenden,2020-04-20,50007,Vermont,163774,0.003_0.08
624,0.002,Aroostook,2020-04-20,23003,Maine,67055,0.003_0.08
666,0.38,Cumberland,2020-04-20,23005,Maine,295003,0.003_0.08
664,0.35600000000000004,New London,2020-04-20,09011,Connecticut,265206,0.003_0.08
663,0.299,Tolland,2020-04-20,09013,Connecticut,150721,0.003_0.08
662,0.198,Washington,2020-04-20,44009,Rhode Island,125577,0.003_0.08
661,0.18100000000000002,York,2020-04-20,23031,Maine,207641,0.003_0.08
660,0.111,Strafford,2020-04-20,33017,New Hampshire,130633,0.003_0.08
659,0.10800000000000001,Windham,2020-04-20,09015,Connecticut,116782,0.003_0.08
658,0.107,Newport,2020-04-20,44005,Rhode Island,82082,0.003_0.08
657,0.09699999999999999,Kennebec,2020-04-20,23011,Maine,122302,0.003_0.08
656,0.096,Merrimack,2020-04-20,33013,New Hampshire,151391,0.003_0.08
655,0.09300000000000001,Franklin,2020-04-20,50011,Vermont,49402,0.003_0.08
665,0.366,Kent,2020-04-20,44003,Rhode Island,164292,0.003_0.08
651,0.045,Grafton,2020-04-20,33009,New Hampshire,89886,0.003_0.08
1144,0.002,Aroostook,2020-04-20,23003,Maine,67055,0.01_0.8
1145,0.002,Washington,2020-04-20,23029,Maine,31379,0.01_0.8
128,0.043,Waldo,2020-04-20,23027,Maine,39715,0.001_0.06
127,0.037000000000000005,Windsor,2020-04-20,50027,Vermont,55062,0.001_0.06
126,0.037000000000000005,Bennington,2020-04-20,50003,Vermont,35470,0.001_0.06
125,0.035,Androscoggin,2020-04-20,23001,Maine,108277,0.001_0.06
124,0.032,Washington,2020-04-20,50023,Vermont,58409,0.001_0.06
123,0.03,Cheshire,2020-04-20,33005,New Hampshire,76085,0.001_0.06
122,0.03,Carroll,2020-04-20,33003,New Hampshire,48910,0.001_0.06
121,0.026000000000000002,Belknap,2020-04-20,33001,New Hampshire,61303,0.001_0.06
120,0.023,Lamoille,2020-04-20,50015,Vermont,25362,0.001_0.06
119,0.016,Somerset,2020-04-20,23025,Maine,50484,0.001_0.06
129,0.043,Rutland,2020-04-20,50021,Vermont,58191,0.001_0.06
118,0.016,Sagadahoc,2020-04-20,23023,Maine,35856,0.001_0.06
116,0.013000000000000001,Franklin,2020-04-20,23007,Maine,30199,0.001_0.06
115,0.012,Caledonia,2020-04-20,50005,Vermont,29993,0.001_0.06
114,0.012,Lincoln,2020-04-20,23015,Maine,34634,0.001_0.06
113,0.012,Knox,2020-04-20,23013,Maine,39772,0.001_0.06
112,0.01,Sullivan,2020-04-20,33019,New Hampshire,43146,0.001_0.06
111,0.009000000000000001,Orleans,2020-04-20,50019,Vermont,27037,0.001_0.06
110,0.006,Hancock,2020-04-20,23009,Maine,54987,0.001_0.06
109,0.005,Orange,2020-04-20,50017,Vermont,28892,0.001_0.06
108,0.003,Grand Isle,2020-04-20,50013,Vermont,7235,0.001_0.06
107,0.002,Essex,2020-04-20,50009,Vermont,6163,0.001_0.06
117,0.013999999999999999,Oxford,2020-04-20,23017,Maine,57975,0.001_0.06
130,0.044000000000000004,Penobscot,2020-04-20,23019,Maine,152148,0.001_0.06
131,0.045,Grafton,2020-04-20,33009,New Hampshire,89886,0.001_0.06
132,0.061,Addison,2020-04-20,50001,Vermont,36777,0.001_0.06
155,8.32,Fairfield,2020-04-20,09001,Connecticut,943332,0.001_0.06
154,5.272,New Haven,2020-04-20,09009,Connecticut,854757,0.001_0.06
153,3.823,Hartford,2020-04-20,09003,Connecticut,891720,0.001_0.06
152,3.491,Providence,2020-04-20,44007,Rhode Island,638931,0.001_0.06
151,0.639,Litchfield,2020-04-20,09005,Connecticut,180333,0.001_0.06
150,0.604,Hillsborough,2020-04-20,33011,New Hampshire,417025,0.001_0.06
149,0.489,Rockingham,2020-04-20,33015,New Hampshire,309769,0.001_0.06
148,0.484,Middlesex,2020-04-20,09007,Connecticut,162436,0.001_0.06
147,0.385,Chittenden,2020-04-20,50007,Vermont,163774,0.001_0.06
146,0.38,Cumberland,2020-04-20,23005,Maine,295003,0.001_0.06
145,0.366,Kent,2020-04-20,44003,Rhode Island,164292,0.001_0.06
144,0.35600000000000004,New London,2020-04-20,09011,Connecticut,265206,0.001_0.06
143,0.299,Tolland,2020-04-20,09013,Connecticut,150721,0.001_0.06
142,0.198,Washington,2020-04-20,44009,Rhode Island,125577,0.001_0.06
141,0.18100000000000002,York,2020-04-20,23031,Maine,207641,0.001_0.06
140,0.111,Strafford,2020-04-20,33017,New Hampshire,130633,0.001_0.06
139,0.10800000000000001,Windham,2020-04-20,09015,Connecticut,116782,0.001_0.06
138,0.107,Newport,2020-04-20,44005,Rhode Island,82082,0.001_0.06
137,0.09699999999999999,Kennebec,2020-04-20,23011,Maine,122302,0.001_0.06
136,0.096,Merrimack,2020-04-20,33013,New Hampshire,151391,0.001_0.06
135,0.09300000000000001,Franklin,2020-04-20,50011,Vermont,49402,0.001_0.06
134,0.067,Bristol,2020-04-20,44001,Rhode Island,48479,0.001_0.06
133,0.063,Windham,2020-04-20,50025,Vermont,42222,0.001_0.06
106,0.002,Coos,2020-04-20,33007,New Hampshire,31563,0.001_0.06
104,0.002,Aroostook,2020-04-20,23003,Maine,67055,0.001_0.06
105,0.002,Washington,2020-04-20,23029,Maine,31379,0.001_0.06
1169,0.043,Rutland,2020-04-20,50021,Vermont,58191,0.01_0.8
1174,0.067,Bristol,2020-04-20,44001,Rhode Island,48479,0.01_0.8
1175,0.09300000000000001,Franklin,2020-04-20,50011,Vermont,49402,0.01_0.8
1176,0.096,Merrimack,2020-04-20,33013,New Hampshire,151391,0.01_0.8
1177,0.09699999999999999,Kennebec,2020-04-20,23011,Maine,122302,0.01_0.8
1178,0.107,Newport,2020-04-20,44005,Rhode Island,82082,0.01_0.8
1179,0.10800000000000001,Windham,2020-04-20,09015,Connecticut,116782,0.01_0.8
1180,0.111,Strafford,2020-04-20,33017,New Hampshire,130633,0.01_0.8
1181,0.18100000000000002,York,2020-04-20,23031,Maine,207641,0.01_0.8
1182,0.198,Washington,2020-04-20,44009,Rhode Island,125577,0.01_0.8
1173,0.063,Windham,2020-04-20,50025,Vermont,42222,0.01_0.8
1183,0.299,Tolland,2020-04-20,09013,Connecticut,150721,0.01_0.8
1185,0.366,Kent,2020-04-20,44003,Rhode Island,164292,0.01_0.8
1186,0.38,Cumberland,2020-04-20,23005,Maine,295003,0.01_0.8
1187,0.385,Chittenden,2020-04-20,50007,Vermont,163774,0.01_0.8
1188,0.484,Middlesex,2020-04-20,09007,Connecticut,162436,0.01_0.8
1189,0.489,Rockingham,2020-04-20,33015,New Hampshire,309769,0.01_0.8
1190,0.604,Hillsborough,2020-04-20,33011,New Hampshire,417025,0.01_0.8
1191,0.639,Litchfield,2020-04-20,09005,Connecticut,180333,0.01_0.8
1192,3.491,Providence,2020-04-20,44007,Rhode Island,638931,0.01_0.8
1193,3.823,Hartford,2020-04-20,09003,Connecticut,891720,0.01_0.8
1184,0.35600000000000004,New London,2020-04-20,09011,Connecticut,265206,0.01_0.8
1172,0.061,Addison,2020-04-20,50001,Vermont,36777,0.01_0.8
1171,0.045,Grafton,2020-04-20,33009,New Hampshire,89886,0.01_0.8
1170,0.044000000000000004,Penobscot,2020-04-20,23019,Maine,152148,0.01_0.8
1148,0.003,Grand Isle,2020-04-20,50013,Vermont,7235,0.01_0.8
1149,0.005,Orange,2020-04-20,50017,Vermont,28892,0.01_0.8
1150,0.006,Hancock,2020-04-20,23009,Maine,54987,0.01_0.8
1151,0.009000000000000001,Orleans,2020-04-20,50019,Vermont,27037,0.01_0.8
1152,0.01,Sullivan,2020-04-20,33019,New Hampshire,43146,0.01_0.8
1153,0.012,Knox,2020-04-20,23013,Maine,39772,0.01_0.8
1154,0.012,Lincoln,2020-04-20,23015,Maine,34634,0.01_0.8
1155,0.012,Caledonia,2020-04-20,50005,Vermont,29993,0.01_0.8
1156,0.013000000000000001,Franklin,2020-04-20,23007,Maine,30199,0.01_0.8
1157,0.013999999999999999,Oxford,2020-04-20,23017,Maine,57975,0.01_0.8
1158,0.016,Sagadahoc,2020-04-20,23023,Maine,35856,0.01_0.8
1159,0.016,Somerset,2020-04-20,23025,Maine,50484,0.01_0.8
1160,0.023,Lamoille,2020-04-20,50015,Vermont,25362,0.01_0.8
1161,0.026000000000000002,Belknap,2020-04-20,33001,New Hampshire,61303,0.01_0.8
1162,0.03,Carroll,2020-04-20,33003,New Hampshire,48910,0.01_0.8
1163,0.03,Cheshire,2020-04-20,33005,New Hampshire,76085,0.01_0.8
1164,0.032,Washington,2020-04-20,50023,Vermont,58409,0.01_0.8
1165,0.035,Androscoggin,2020-04-20,23001,Maine,108277,0.01_0.8
1166,0.037000000000000005,Bennington,2020-04-20,50003,Vermont,35470,0.01_0.8
1167,0.037000000000000005,Windsor,2020-04-20,50027,Vermont,55062,0.01_0.8
1168,0.043,Waldo,2020-04-20,23027,Maine,39715,0.01_0.8
1194,5.272,New Haven,2020-04-20,09009,Connecticut,854757,0.01_0.8
1147,0.002,Essex,2020-04-20,50009,Vermont,6163,0.01_0.8
1195,8.32,Fairfield,2020-04-20,09001,Connecticut,943332,0.01_0.8
1146,0.002,Coos,2020-04-20,33007,New Hampshire,31563,0.01_0.8
185,0.065,Windham,2020-04-21,50025,Vermont,42222,0.001_0.06
186,0.068,Bristol,2020-04-21,44001,Rhode Island,48479,0.001_0.06
187,0.092,Franklin,2020-04-21,50011,Vermont,49402,0.001_0.06
188,0.09699999999999999,Kennebec,2020-04-21,23011,Maine,122302,0.001_0.06
189,0.10099999999999999,Merrimack,2020-04-21,33013,New Hampshire,151391,0.001_0.06
190,0.11,Newport,2020-04-21,44005,Rhode Island,82082,0.001_0.06
191,0.111,Strafford,2020-04-21,33017,New Hampshire,130633,0.001_0.06
192,0.11199999999999999,Windham,2020-04-21,09015,Connecticut,116782,0.001_0.06
193,0.183,York,2020-04-21,23031,Maine,207641,0.001_0.06
194,0.209,Washington,2020-04-21,44009,Rhode Island,125577,0.001_0.06
195,0.305,Tolland,2020-04-21,09013,Connecticut,150721,0.001_0.06
196,0.369,New London,2020-04-21,09011,Connecticut,265206,0.001_0.06
197,0.386,Cumberland,2020-04-21,23005,Maine,295003,0.001_0.06
198,0.386,Kent,2020-04-21,44003,Rhode Island,164292,0.001_0.06
199,0.391,Chittenden,2020-04-21,50007,Vermont,163774,0.001_0.06
200,0.493,Rockingham,2020-04-21,33015,New Hampshire,309769,0.001_0.06
201,0.512,Middlesex,2020-04-21,09007,Connecticut,162436,0.001_0.06
202,0.626,Hillsborough,2020-04-21,33011,New Hampshire,417025,0.001_0.06
203,0.643,Litchfield,2020-04-21,09005,Connecticut,180333,0.001_0.06
204,3.727,Providence,2020-04-21,44007,Rhode Island,638931,0.001_0.06
205,3.951,Hartford,2020-04-21,09003,Connecticut,891720,0.001_0.06
157,0.002,Washington,2020-04-21,23029,Maine,31379,0.001_0.06
184,0.061,Addison,2020-04-21,50001,Vermont,36777,0.001_0.06
159,0.002,Essex,2020-04-21,50009,Vermont,6163,0.001_0.06
182,0.045,Grafton,2020-04-21,33009,New Hampshire,89886,0.001_0.06
160,0.003,Grand Isle,2020-04-21,50013,Vermont,7235,0.001_0.06
161,0.006,Hancock,2020-04-21,23009,Maine,54987,0.001_0.06
162,0.006,Orange,2020-04-21,50017,Vermont,28892,0.001_0.06
163,0.009000000000000001,Orleans,2020-04-21,50019,Vermont,27037,0.001_0.06
164,0.01,Sullivan,2020-04-21,33019,New Hampshire,43146,0.001_0.06
165,0.012,Lincoln,2020-04-21,23015,Maine,34634,0.001_0.06
166,0.012,Caledonia,2020-04-21,50005,Vermont,29993,0.001_0.06
167,0.013000000000000001,Franklin,2020-04-21,23007,Maine,30199,0.001_0.06
168,0.013000000000000001,Knox,2020-04-21,23013,Maine,39772,0.001_0.06
169,0.013999999999999999,Oxford,2020-04-21,23017,Maine,57975,0.001_0.06
158,0.002,Coos,2020-04-21,33007,New Hampshire,31563,0.001_0.06
170,0.016,Somerset,2020-04-21,23025,Maine,50484,0.001_0.06
172,0.023,Lamoille,2020-04-21,50015,Vermont,25362,0.001_0.06
173,0.027999999999999997,Belknap,2020-04-21,33001,New Hampshire,61303,0.001_0.06
174,0.03,Carroll,2020-04-21,33003,New Hampshire,48910,0.001_0.06
175,0.03,Cheshire,2020-04-21,33005,New Hampshire,76085,0.001_0.06
176,0.032,Washington,2020-04-21,50023,Vermont,58409,0.001_0.06
177,0.036000000000000004,Androscoggin,2020-04-21,23001,Maine,108277,0.001_0.06
178,0.037000000000000005,Bennington,2020-04-21,50003,Vermont,35470,0.001_0.06
179,0.038,Windsor,2020-04-21,50027,Vermont,55062,0.001_0.06
180,0.043,Waldo,2020-04-21,23027,Maine,39715,0.001_0.06
181,0.044000000000000004,Rutland,2020-04-21,50021,Vermont,58191,0.001_0.06
171,0.017,Sagadahoc,2020-04-21,23023,Maine,35856,0.001_0.06
183,0.046,Penobscot,2020-04-21,23019,Maine,152148,0.001_0.06
722,0.626,Hillsborough,2020-04-21,33011,New Hampshire,417025,0.003_0.08
723,0.643,Litchfield,2020-04-21,09005,Connecticut,180333,0.003_0.08
700,0.043,Waldo,2020-04-21,23027,Maine,39715,0.003_0.08
701,0.044000000000000004,Rutland,2020-04-21,50021,Vermont,58191,0.003_0.08
702,0.045,Grafton,2020-04-21,33009,New Hampshire,89886,0.003_0.08
703,0.046,Penobscot,2020-04-21,23019,Maine,152148,0.003_0.08
704,0.061,Addison,2020-04-21,50001,Vermont,36777,0.003_0.08
705,0.065,Windham,2020-04-21,50025,Vermont,42222,0.003_0.08
706,0.068,Bristol,2020-04-21,44001,Rhode Island,48479,0.003_0.08
707,0.092,Franklin,2020-04-21,50011,Vermont,49402,0.003_0.08
708,0.09699999999999999,Kennebec,2020-04-21,23011,Maine,122302,0.003_0.08
709,0.10099999999999999,Merrimack,2020-04-21,33013,New Hampshire,151391,0.003_0.08
699,0.038,Windsor,2020-04-21,50027,Vermont,55062,0.003_0.08
710,0.11,Newport,2020-04-21,44005,Rhode Island,82082,0.003_0.08
712,0.11199999999999999,Windham,2020-04-21,09015,Connecticut,116782,0.003_0.08
713,0.183,York,2020-04-21,23031,Maine,207641,0.003_0.08
714,0.209,Washington,2020-04-21,44009,Rhode Island,125577,0.003_0.08
715,0.305,Tolland,2020-04-21,09013,Connecticut,150721,0.003_0.08
716,0.369,New London,2020-04-21,09011,Connecticut,265206,0.003_0.08
717,0.386,Cumberland,2020-04-21,23005,Maine,295003,0.003_0.08
718,0.386,Kent,2020-04-21,44003,Rhode Island,164292,0.003_0.08
719,0.391,Chittenden,2020-04-21,50007,Vermont,163774,0.003_0.08
720,0.493,Rockingham,2020-04-21,33015,New Hampshire,309769,0.003_0.08
721,0.512,Middlesex,2020-04-21,09007,Connecticut,162436,0.003_0.08
711,0.111,Strafford,2020-04-21,33017,New Hampshire,130633,0.003_0.08
156,0.002,Aroostook,2020-04-21,23003,Maine,67055,0.001_0.06
698,0.037000000000000005,Bennington,2020-04-21,50003,Vermont,35470,0.003_0.08
696,0.032,Washington,2020-04-21,50023,Vermont,58409,0.003_0.08
206,5.492999999999999,New Haven,2020-04-21,09009,Connecticut,854757,0.001_0.06
724,3.727,Providence,2020-04-21,44007,Rhode Island,638931,0.003_0.08
676,0.002,Aroostook,2020-04-21,23003,Maine,67055,0.003_0.08
677,0.002,Washington,2020-04-21,23029,Maine,31379,0.003_0.08
678,0.002,Coos,2020-04-21,33007,New Hampshire,31563,0.003_0.08
679,0.002,Essex,2020-04-21,50009,Vermont,6163,0.003_0.08
680,0.003,Grand Isle,2020-04-21,50013,Vermont,7235,0.003_0.08
681,0.006,Hancock,2020-04-21,23009,Maine,54987,0.003_0.08
682,0.006,Orange,2020-04-21,50017,Vermont,28892,0.003_0.08
683,0.009000000000000001,Orleans,2020-04-21,50019,Vermont,27037,0.003_0.08
697,0.036000000000000004,Androscoggin,2020-04-21,23001,Maine,108277,0.003_0.08
684,0.01,Sullivan,2020-04-21,33019,New Hampshire,43146,0.003_0.08
686,0.012,Caledonia,2020-04-21,50005,Vermont,29993,0.003_0.08
687,0.013000000000000001,Franklin,2020-04-21,23007,Maine,30199,0.003_0.08
688,0.013000000000000001,Knox,2020-04-21,23013,Maine,39772,0.003_0.08
689,0.013999999999999999,Oxford,2020-04-21,23017,Maine,57975,0.003_0.08
690,0.016,Somerset,2020-04-21,23025,Maine,50484,0.003_0.08
691,0.017,Sagadahoc,2020-04-21,23023,Maine,35856,0.003_0.08
692,0.023,Lamoille,2020-04-21,50015,Vermont,25362,0.003_0.08
693,0.027999999999999997,Belknap,2020-04-21,33001,New Hampshire,61303,0.003_0.08
694,0.03,Carroll,2020-04-21,33003,New Hampshire,48910,0.003_0.08
695,0.03,Cheshire,2020-04-21,33005,New Hampshire,76085,0.003_0.08
685,0.012,Lincoln,2020-04-21,23015,Maine,34634,0.003_0.08
207,8.472000000000001,Fairfield,2020-04-21,09001,Connecticut,943332,0.001_0.06
726,5.492999999999999,New Haven,2020-04-21,09009,Connecticut,854757,0.003_0.08
1233,0.183,York,2020-04-21,23031,Maine,207641,0.01_0.8
1223,0.046,Penobscot,2020-04-21,23019,Maine,152148,0.01_0.8
1224,0.061,Addison,2020-04-21,50001,Vermont,36777,0.01_0.8
1225,0.065,Windham,2020-04-21,50025,Vermont,42222,0.01_0.8
1227,0.092,Franklin,2020-04-21,50011,Vermont,49402,0.01_0.8
1228,0.09699999999999999,Kennebec,2020-04-21,23011,Maine,122302,0.01_0.8
1229,0.10099999999999999,Merrimack,2020-04-21,33013,New Hampshire,151391,0.01_0.8
1230,0.11,Newport,2020-04-21,44005,Rhode Island,82082,0.01_0.8
1231,0.111,Strafford,2020-04-21,33017,New Hampshire,130633,0.01_0.8
1232,0.11199999999999999,Windham,2020-04-21,09015,Connecticut,116782,0.01_0.8
1234,0.209,Washington,2020-04-21,44009,Rhode Island,125577,0.01_0.8
1235,0.305,Tolland,2020-04-21,09013,Connecticut,150721,0.01_0.8
1222,0.045,Grafton,2020-04-21,33009,New Hampshire,89886,0.01_0.8
1236,0.369,New London,2020-04-21,09011,Connecticut,265206,0.01_0.8
1238,0.386,Kent,2020-04-21,44003,Rhode Island,164292,0.01_0.8
1239,0.391,Chittenden,2020-04-21,50007,Vermont,163774,0.01_0.8
1240,0.493,Rockingham,2020-04-21,33015,New Hampshire,309769,0.01_0.8
1241,0.512,Middlesex,2020-04-21,09007,Connecticut,162436,0.01_0.8
1242,0.626,Hillsborough,2020-04-21,33011,New Hampshire,417025,0.01_0.8
1243,0.643,Litchfield,2020-04-21,09005,Connecticut,180333,0.01_0.8
1244,3.727,Providence,2020-04-21,44007,Rhode Island,638931,0.01_0.8
727,8.472000000000001,Fairfield,2020-04-21,09001,Connecticut,943332,0.003_0.08
1245,3.951,Hartford,2020-04-21,09003,Connecticut,891720,0.01_0.8
1246,5.492999999999999,New Haven,2020-04-21,09009,Connecticut,854757,0.01_0.8
1247,8.472000000000001,Fairfield,2020-04-21,09001,Connecticut,943332,0.01_0.8
1237,0.386,Cumberland,2020-04-21,23005,Maine,295003,0.01_0.8
1221,0.044000000000000004,Rutland,2020-04-21,50021,Vermont,58191,0.01_0.8
1226,0.068,Bristol,2020-04-21,44001,Rhode Island,48479,0.01_0.8
725,3.951,Hartford,2020-04-21,09003,Connecticut,891720,0.003_0.08
1196,0.002,Aroostook,2020-04-21,23003,Maine,67055,0.01_0.8
1197,0.002,Washington,2020-04-21,23029,Maine,31379,0.01_0.8
1198,0.002,Coos,2020-04-21,33007,New Hampshire,31563,0.01_0.8
1199,0.002,Essex,2020-04-21,50009,Vermont,6163,0.01_0.8
1200,0.003,Grand Isle,2020-04-21,50013,Vermont,7235,0.01_0.8
1201,0.006,Hancock,2020-04-21,23009,Maine,54987,0.01_0.8
1202,0.006,Orange,2020-04-21,50017,Vermont,28892,0.01_0.8
1203,0.009000000000000001,Orleans,2020-04-21,50019,Vermont,27037,0.01_0.8
1220,0.043,Waldo,2020-04-21,23027,Maine,39715,0.01_0.8
1205,0.012,Lincoln,2020-04-21,23015,Maine,34634,0.01_0.8
1206,0.012,Caledonia,2020-04-21,50005,Vermont,29993,0.01_0.8
1207,0.013000000000000001,Franklin,2020-04-21,23007,Maine,30199,0.01_0.8
1208,0.013000000000000001,Knox,2020-04-21,23013,Maine,39772,0.01_0.8
1204,0.01,Sullivan,2020-04-21,33019,New Hampshire,43146,0.01_0.8
1210,0.016,Somerset,2020-04-21,23025,Maine,50484,0.01_0.8
1219,0.038,Windsor,2020-04-21,50027,Vermont,55062,0.01_0.8
1209,0.013999999999999999,Oxford,2020-04-21,23017,Maine,57975,0.01_0.8
1217,0.036000000000000004,Androscoggin,2020-04-21,23001,Maine,108277,0.01_0.8
1216,0.032,Washington,2020-04-21,50023,Vermont,58409,0.01_0.8
1215,0.03,Cheshire,2020-04-21,33005,New Hampshire,76085,0.01_0.8
1218,0.037000000000000005,Bennington,2020-04-21,50003,Vermont,35470,0.01_0.8
1213,0.027999999999999997,Belknap,2020-04-21,33001,New Hampshire,61303,0.01_0.8
1212,0.023,Lamoille,2020-04-21,50015,Vermont,25362,0.01_0.8
1211,0.017,Sagadahoc,2020-04-21,23023,Maine,35856,0.01_0.8
1214,0.03,Carroll,2020-04-21,33003,New Hampshire,48910,0.01_0.8
766,1.0,Androscoggin,2020-04-22,23001,Maine,108277,0.003_0.08
757,0.0,Grand Isle,2020-04-22,50013,Vermont,7235,0.003_0.08
758,0.0,Lamoille,2020-04-22,50015,Vermont,25362,0.003_0.08
759,0.0,Orange,2020-04-22,50017,Vermont,28892,0.003_0.08
760,0.0,Orleans,2020-04-22,50019,Vermont,27037,0.003_0.08
761,0.0,Rutland,2020-04-22,50021,Vermont,58191,0.003_0.08
762,0.0,Windham,2020-04-22,50025,Vermont,42222,0.003_0.08
763,1.0,New Haven,2020-04-22,09009,Connecticut,854757,0.003_0.08
764,1.0,New London,2020-04-22,09011,Connecticut,265206,0.003_0.08
765,1.0,Windham,2020-04-22,09015,Connecticut,116782,0.003_0.08
767,1.0,Cumberland,2020-04-22,23005,Maine,295003,0.003_0.08
1298,13.0,Fairfield,2020-04-22,09001,Connecticut,943332,0.01_0.8
769,1.0,Washington,2020-04-22,50023,Vermont,58409,0.003_0.08
770,1.0,Windsor,2020-04-22,50027,Vermont,55062,0.003_0.08
771,2.0,Middlesex,2020-04-22,09007,Connecticut,162436,0.003_0.08
772,2.0,Kent,2020-04-22,44003,Rhode Island,164292,0.003_0.08
773,2.0,Newport,2020-04-22,44005,Rhode Island,82082,0.003_0.08
774,3.0,Tolland,2020-04-22,09013,Connecticut,150721,0.003_0.08
775,3.0,Hillsborough,2020-04-22,33011,New Hampshire,417025,0.003_0.08
776,4.0,Litchfield,2020-04-22,09005,Connecticut,180333,0.003_0.08
777,4.0,Providence,2020-04-22,44007,Rhode Island,638931,0.003_0.08
778,12.0,Hartford,2020-04-22,09003,Connecticut,891720,0.003_0.08
756,0.0,Franklin,2020-04-22,50011,Vermont,49402,0.003_0.08
768,1.0,Washington,2020-04-22,44009,Rhode Island,125577,0.003_0.08
755,0.0,Essex,2020-04-22,50009,Vermont,6163,0.003_0.08
754,0.0,Chittenden,2020-04-22,50007,Vermont,163774,0.003_0.08
753,0.0,Caledonia,2020-04-22,50005,Vermont,29993,0.003_0.08
1277,0.0,Orange,2020-04-22,50017,Vermont,28892,0.01_0.8
1276,0.0,Lamoille,2020-04-22,50015,Vermont,25362,0.01_0.8
1275,0.0,Grand Isle,2020-04-22,50013,Vermont,7235,0.01_0.8
1274,0.0,Franklin,2020-04-22,50011,Vermont,49402,0.01_0.8
1272,0.0,Caledonia,2020-04-22,50005,Vermont,29993,0.01_0.8
1271,0.0,Bennington,2020-04-22,50003,Vermont,35470,0.01_0.8
1270,0.0,Addison,2020-04-22,50001,Vermont,36777,0.01_0.8
1269,0.0,Newport,2020-04-22,44005,Rhode Island,82082,0.01_0.8
1268,0.0,Bristol,2020-04-22,44001,Rhode Island,48479,0.01_0.8
1267,0.0,Sullivan,2020-04-22,33019,New Hampshire,43146,0.01_0.8
1266,0.0,Rockingham,2020-04-22,33015,New Hampshire,309769,0.01_0.8
1265,0.0,Merrimack,2020-04-22,33013,New Hampshire,151391,0.01_0.8
1264,0.0,Coos,2020-04-22,33007,New Hampshire,31563,0.01_0.8
1263,0.0,Cheshire,2020-04-22,33005,New Hampshire,76085,0.01_0.8
1262,0.0,Carroll,2020-04-22,33003,New Hampshire,48910,0.01_0.8
1278,0.0,Orleans,2020-04-22,50019,Vermont,27037,0.01_0.8
1279,0.0,Rutland,2020-04-22,50021,Vermont,58191,0.01_0.8
1280,0.0,Washington,2020-04-22,50023,Vermont,58409,0.01_0.8
1281,0.0,Windham,2020-04-22,50025,Vermont,42222,0.01_0.8
1299,15.0,Hartford,2020-04-22,09003,Connecticut,891720,0.01_0.8
1296,3.0,Windham,2020-04-22,09015,Connecticut,116782,0.01_0.8
1295,3.0,Litchfield,2020-04-22,09005,Connecticut,180333,0.01_0.8
1294,2.0,Chittenden,2020-04-22,50007,Vermont,163774,0.01_0.8
1293,2.0,Washington,2020-04-22,44009,Rhode Island,125577,0.01_0.8
1292,2.0,Kent,2020-04-22,44003,Rhode Island,164292,0.01_0.8
1291,2.0,Tolland,2020-04-22,09013,Connecticut,150721,0.01_0.8
1261,0.0,Belknap,2020-04-22,33001,New Hampshire,61303,0.01_0.8
1290,2.0,New London,2020-04-22,09011,Connecticut,265206,0.01_0.8
1288,1.0,Hillsborough,2020-04-22,33011,New Hampshire,417025,0.01_0.8
1287,1.0,Grafton,2020-04-22,33009,New Hampshire,89886,0.01_0.8
1286,1.0,York,2020-04-22,23031,Maine,207641,0.01_0.8
1285,1.0,Cumberland,2020-04-22,23005,Maine,295003,0.01_0.8
1284,1.0,New Haven,2020-04-22,09009,Connecticut,854757,0.01_0.8
1283,1.0,Middlesex,2020-04-22,09007,Connecticut,162436,0.01_0.8
1282,0.0,Windsor,2020-04-22,50027,Vermont,55062,0.01_0.8
1289,1.0,Strafford,2020-04-22,33017,New Hampshire,130633,0.01_0.8
1297,5.0,Providence,2020-04-22,44007,Rhode Island,638931,0.01_0.8
1260,0.0,Washington,2020-04-22,23029,Maine,31379,0.01_0.8
1258,0.0,Somerset,2020-04-22,23025,Maine,50484,0.01_0.8
738,0.0,Waldo,2020-04-22,23027,Maine,39715,0.003_0.08
739,0.0,Washington,2020-04-22,23029,Maine,31379,0.003_0.08
740,0.0,York,2020-04-22,23031,Maine,207641,0.003_0.08
741,0.0,Belknap,2020-04-22,33001,New Hampshire,61303,0.003_0.08
742,0.0,Carroll,2020-04-22,33003,New Hampshire,48910,0.003_0.08
743,0.0,Cheshire,2020-04-22,33005,New Hampshire,76085,0.003_0.08
744,0.0,Coos,2020-04-22,33007,New Hampshire,31563,0.003_0.08
745,0.0,Grafton,2020-04-22,33009,New Hampshire,89886,0.003_0.08
746,0.0,Merrimack,2020-04-22,33013,New Hampshire,151391,0.003_0.08
747,0.0,Rockingham,2020-04-22,33015,New Hampshire,309769,0.003_0.08
748,0.0,Strafford,2020-04-22,33017,New Hampshire,130633,0.003_0.08
749,0.0,Sullivan,2020-04-22,33019,New Hampshire,43146,0.003_0.08
750,0.0,Bristol,2020-04-22,44001,Rhode Island,48479,0.003_0.08
751,0.0,Addison,2020-04-22,50001,Vermont,36777,0.003_0.08
752,0.0,Bennington,2020-04-22,50003,Vermont,35470,0.003_0.08
737,0.0,Somerset,2020-04-22,23025,Maine,50484,0.003_0.08
736,0.0,Sagadahoc,2020-04-22,23023,Maine,35856,0.003_0.08
735,0.0,Penobscot,2020-04-22,23019,Maine,152148,0.003_0.08
734,0.0,Oxford,2020-04-22,23017,Maine,57975,0.003_0.08
1257,0.0,Sagadahoc,2020-04-22,23023,Maine,35856,0.01_0.8
1256,0.0,Penobscot,2020-04-22,23019,Maine,152148,0.01_0.8
1255,0.0,Oxford,2020-04-22,23017,Maine,57975,0.01_0.8
1254,0.0,Lincoln,2020-04-22,23015,Maine,34634,0.01_0.8
1253,0.0,Knox,2020-04-22,23013,Maine,39772,0.01_0.8
1252,0.0,Kennebec,2020-04-22,23011,Maine,122302,0.01_0.8
1251,0.0,Hancock,2020-04-22,23009,Maine,54987,0.01_0.8
1259,0.0,Waldo,2020-04-22,23027,Maine,39715,0.01_0.8
1250,0.0,Franklin,2020-04-22,23007,Maine,30199,0.01_0.8
1248,0.0,Androscoggin,2020-04-22,23001,Maine,108277,0.01_0.8
728,0.0,Aroostook,2020-04-22,23003,Maine,67055,0.003_0.08
729,0.0,Franklin,2020-04-22,23007,Maine,30199,0.003_0.08
730,0.0,Hancock,2020-04-22,23009,Maine,54987,0.003_0.08
731,0.0,Kennebec,2020-04-22,23011,Maine,122302,0.003_0.08
732,0.0,Knox,2020-04-22,23013,Maine,39772,0.003_0.08
733,0.0,Lincoln,2020-04-22,23015,Maine,34634,0.003_0.08
1249,0.0,Aroostook,2020-04-22,23003,Maine,67055,0.01_0.8
1273,0.0,Essex,2020-04-22,50009,Vermont,6163,0.01_0.8
779,16.0,Fairfield,2020-04-22,09001,Connecticut,943332,0.003_0.08
209,0.0,Windham,2020-04-22,09015,Connecticut,116782,0.001_0.06
232,0.0,Newport,2020-04-22,44005,Rhode Island,82082,0.001_0.06
231,0.0,Bristol,2020-04-22,44001,Rhode Island,48479,0.001_0.06
230,0.0,Strafford,2020-04-22,33017,New Hampshire,130633,0.001_0.06
229,0.0,Rockingham,2020-04-22,33015,New Hampshire,309769,0.001_0.06
228,0.0,Merrimack,2020-04-22,33013,New Hampshire,151391,0.001_0.06
227,0.0,Grafton,2020-04-22,33009,New Hampshire,89886,0.001_0.06
226,0.0,Cheshire,2020-04-22,33005,New Hampshire,76085,0.001_0.06
225,0.0,Carroll,2020-04-22,33003,New Hampshire,48910,0.001_0.06
224,0.0,Belknap,2020-04-22,33001,New Hampshire,61303,0.001_0.06
223,0.0,Washington,2020-04-22,23029,Maine,31379,0.001_0.06
233,0.0,Addison,2020-04-22,50001,Vermont,36777,0.001_0.06
222,0.0,Waldo,2020-04-22,23027,Maine,39715,0.001_0.06
220,0.0,Sagadahoc,2020-04-22,23023,Maine,35856,0.001_0.06
219,0.0,Penobscot,2020-04-22,23019,Maine,152148,0.001_0.06
218,0.0,Oxford,2020-04-22,23017,Maine,57975,0.001_0.06
217,0.0,Lincoln,2020-04-22,23015,Maine,34634,0.001_0.06
216,0.0,Knox,2020-04-22,23013,Maine,39772,0.001_0.06
215,0.0,Kennebec,2020-04-22,23011,Maine,122302,0.001_0.06
214,0.0,Hancock,2020-04-22,23009,Maine,54987,0.001_0.06
213,0.0,Franklin,2020-04-22,23007,Maine,30199,0.001_0.06
212,0.0,Cumberland,2020-04-22,23005,Maine,295003,0.001_0.06
211,0.0,Aroostook,2020-04-22,23003,Maine,67055,0.001_0.06
221,0.0,Somerset,2020-04-22,23025,Maine,50484,0.001_0.06
234,0.0,Bennington,2020-04-22,50003,Vermont,35470,0.001_0.06
235,0.0,Caledonia,2020-04-22,50005,Vermont,29993,0.001_0.06
236,0.0,Chittenden,2020-04-22,50007,Vermont,163774,0.001_0.06
259,15.0,Hartford,2020-04-22,09003,Connecticut,891720,0.001_0.06
258,13.0,Fairfield,2020-04-22,09001,Connecticut,943332,0.001_0.06
257,7.0,Providence,2020-04-22,44007,Rhode Island,638931,0.001_0.06
256,3.0,Tolland,2020-04-22,09013,Connecticut,150721,0.001_0.06
255,3.0,Middlesex,2020-04-22,09007,Connecticut,162436,0.001_0.06
254,3.0,Litchfield,2020-04-22,09005,Connecticut,180333,0.001_0.06
253,2.0,York,2020-04-22,23031,Maine,207641,0.001_0.06
252,2.0,New Haven,2020-04-22,09009,Connecticut,854757,0.001_0.06
251,1.0,Windham,2020-04-22,50025,Vermont,42222,0.001_0.06
250,1.0,Orange,2020-04-22,50017,Vermont,28892,0.001_0.06
249,1.0,Washington,2020-04-22,44009,Rhode Island,125577,0.001_0.06
248,1.0,Kent,2020-04-22,44003,Rhode Island,164292,0.001_0.06
247,1.0,Sullivan,2020-04-22,33019,New Hampshire,43146,0.001_0.06
246,1.0,Hillsborough,2020-04-22,33011,New Hampshire,417025,0.001_0.06
245,1.0,Coos,2020-04-22,33007,New Hampshire,31563,0.001_0.06
244,0.0,Windsor,2020-04-22,50027,Vermont,55062,0.001_0.06
243,0.0,Washington,2020-04-22,50023,Vermont,58409,0.001_0.06
242,0.0,Rutland,2020-04-22,50021,Vermont,58191,0.001_0.06
241,0.0,Orleans,2020-04-22,50019,Vermont,27037,0.001_0.06
240,0.0,Lamoille,2020-04-22,50015,Vermont,25362,0.001_0.06
239,0.0,Grand Isle,2020-04-22,50013,Vermont,7235,0.001_0.06
238,0.0,Franklin,2020-04-22,50011,Vermont,49402,0.001_0.06
237,0.0,Essex,2020-04-22,50009,Vermont,6163,0.001_0.06
208,0.0,New London,2020-04-22,09011,Connecticut,265206,0.001_0.06
210,0.0,Androscoggin,2020-04-22,23001,Maine,108277,0.001_0.06
1350,449.0,Hartford,2020-04-23,09003,Connecticut,891720,0.01_0.8
1300,0.0,Knox,2020-04-23,23013,Maine,39772,0.01_0.8
1327,49.0,Windsor,2020-04-23,50027,Vermont,55062,0.01_0.8
1328,50.0,Belknap,2020-04-23,33001,New Hampshire,61303,0.01_0.8
1329,54.0,Newport,2020-04-23,44005,Rhode Island,82082,0.01_0.8
1330,58.0,Cheshire,2020-04-23,33005,New Hampshire,76085,0.01_0.8
1331,59.0,Grafton,2020-04-23,33009,New Hampshire,89886,0.01_0.8
1332,64.0,Grand Isle,2020-04-23,50013,Vermont,7235,0.01_0.8
1333,69.0,Windham,2020-04-23,09015,Connecticut,116782,0.01_0.8
1334,74.0,Androscoggin,2020-04-23,23001,Maine,108277,0.01_0.8
1335,78.0,Kennebec,2020-04-23,23011,Maine,122302,0.01_0.8
1336,80.0,Tolland,2020-04-23,09013,Connecticut,150721,0.01_0.8
1326,45.0,Aroostook,2020-04-23,23003,Maine,67055,0.01_0.8
1337,85.0,Washington,2020-04-23,44009,Rhode Island,125577,0.01_0.8
1339,98.0,Penobscot,2020-04-23,23019,Maine,152148,0.01_0.8
1340,100.0,Litchfield,2020-04-23,09005,Connecticut,180333,0.01_0.8
1341,106.0,Strafford,2020-04-23,33017,New Hampshire,130633,0.01_0.8
1342,112.0,Chittenden,2020-04-23,50007,Vermont,163774,0.01_0.8
1343,113.0,Merrimack,2020-04-23,33013,New Hampshire,151391,0.01_0.8
1344,118.0,York,2020-04-23,23031,Maine,207641,0.01_0.8
1345,119.0,Kent,2020-04-23,44003,Rhode Island,164292,0.01_0.8
1346,174.0,Cumberland,2020-04-23,23005,Maine,295003,0.01_0.8
1351,479.0,Fairfield,2020-04-23,09001,Connecticut,943332,0.01_0.8
1347,249.0,Rockingham,2020-04-23,33015,New Hampshire,309769,0.01_0.8
1338,93.0,Middlesex,2020-04-23,09007,Connecticut,162436,0.01_0.8
260,0.0,New London,2020-04-23,09011,Connecticut,265206,0.001_0.06
1325,42.0,Rutland,2020-04-23,50021,Vermont,58191,0.01_0.8
1323,39.0,New London,2020-04-23,09011,Connecticut,265206,0.01_0.8
1301,0.0,Lincoln,2020-04-23,23015,Maine,34634,0.01_0.8
1302,0.0,Bennington,2020-04-23,50003,Vermont,35470,0.01_0.8
1303,0.0,Caledonia,2020-04-23,50005,Vermont,29993,0.01_0.8
1304,0.0,Essex,2020-04-23,50009,Vermont,6163,0.01_0.8
1305,0.0,Orange,2020-04-23,50017,Vermont,28892,0.01_0.8
1306,1.0,Washington,2020-04-23,50023,Vermont,58409,0.01_0.8
1307,6.0,Lamoille,2020-04-23,50015,Vermont,25362,0.01_0.8
1308,6.0,Windham,2020-04-23,50025,Vermont,42222,0.01_0.8
1309,7.0,Orleans,2020-04-23,50019,Vermont,27037,0.01_0.8
1310,8.0,New Haven,2020-04-23,09009,Connecticut,854757,0.01_0.8
1324,40.0,Oxford,2020-04-23,23017,Maine,57975,0.01_0.8
1311,9.0,Franklin,2020-04-23,50011,Vermont,49402,0.01_0.8
1313,21.0,Sagadahoc,2020-04-23,23023,Maine,35856,0.01_0.8
1314,22.0,Franklin,2020-04-23,23007,Maine,30199,0.01_0.8
1315,23.0,Hancock,2020-04-23,23009,Maine,54987,0.01_0.8
1316,28.0,Waldo,2020-04-23,23027,Maine,39715,0.01_0.8
1317,28.0,Addison,2020-04-23,50001,Vermont,36777,0.01_0.8
1318,31.0,Coos,2020-04-23,33007,New Hampshire,31563,0.01_0.8
1319,32.0,Somerset,2020-04-23,23025,Maine,50484,0.01_0.8
1320,35.0,Sullivan,2020-04-23,33019,New Hampshire,43146,0.01_0.8
1321,37.0,Carroll,2020-04-23,33003,New Hampshire,48910,0.01_0.8
1322,37.0,Bristol,2020-04-23,44001,Rhode Island,48479,0.01_0.8
1312,20.0,Washington,2020-04-23,23029,Maine,31379,0.01_0.8
1349,444.0,Providence,2020-04-23,44007,Rhode Island,638931,0.01_0.8
261,0.0,Windham,2020-04-23,09015,Connecticut,116782,0.001_0.06
830,839.0,Hartford,2020-04-23,09003,Connecticut,891720,0.003_0.08
285,0.0,Newport,2020-04-23,44005,Rhode Island,82082,0.001_0.06
284,0.0,Bristol,2020-04-23,44001,Rhode Island,48479,0.001_0.06
283,0.0,Strafford,2020-04-23,33017,New Hampshire,130633,0.001_0.06
282,0.0,Rockingham,2020-04-23,33015,New Hampshire,309769,0.001_0.06
281,0.0,Merrimack,2020-04-23,33013,New Hampshire,151391,0.001_0.06
280,0.0,Hillsborough,2020-04-23,33011,New Hampshire,417025,0.001_0.06
279,0.0,Grafton,2020-04-23,33009,New Hampshire,89886,0.001_0.06
278,0.0,Cheshire,2020-04-23,33005,New Hampshire,76085,0.001_0.06
277,0.0,Carroll,2020-04-23,33003,New Hampshire,48910,0.001_0.06
276,0.0,Belknap,2020-04-23,33001,New Hampshire,61303,0.001_0.06
286,0.0,Addison,2020-04-23,50001,Vermont,36777,0.001_0.06
275,0.0,Washington,2020-04-23,23029,Maine,31379,0.001_0.06
273,0.0,Somerset,2020-04-23,23025,Maine,50484,0.001_0.06
272,0.0,Sagadahoc,2020-04-23,23023,Maine,35856,0.001_0.06
271,0.0,Penobscot,2020-04-23,23019,Maine,152148,0.001_0.06
270,0.0,Oxford,2020-04-23,23017,Maine,57975,0.001_0.06
269,0.0,Lincoln,2020-04-23,23015,Maine,34634,0.001_0.06
268,0.0,Knox,2020-04-23,23013,Maine,39772,0.001_0.06
267,0.0,Kennebec,2020-04-23,23011,Maine,122302,0.001_0.06
266,0.0,Hancock,2020-04-23,23009,Maine,54987,0.001_0.06
265,0.0,Franklin,2020-04-23,23007,Maine,30199,0.001_0.06
264,0.0,Cumberland,2020-04-23,23005,Maine,295003,0.001_0.06
274,0.0,Waldo,2020-04-23,23027,Maine,39715,0.001_0.06
263,0.0,Aroostook,2020-04-23,23003,Maine,67055,0.001_0.06
287,0.0,Bennington,2020-04-23,50003,Vermont,35470,0.001_0.06
289,0.0,Chittenden,2020-04-23,50007,Vermont,163774,0.001_0.06
311,108.0,Hartford,2020-04-23,09003,Connecticut,891720,0.001_0.06
310,106.0,Fairfield,2020-04-23,09001,Connecticut,943332,0.001_0.06
309,27.0,Middlesex,2020-04-23,09007,Connecticut,162436,0.001_0.06
308,19.0,Providence,2020-04-23,44007,Rhode Island,638931,0.001_0.06
307,18.0,Litchfield,2020-04-23,09005,Connecticut,180333,0.001_0.06
306,14.0,Tolland,2020-04-23,09013,Connecticut,150721,0.001_0.06
305,9.0,Kent,2020-04-23,44003,Rhode Island,164292,0.001_0.06
304,9.0,New Haven,2020-04-23,09009,Connecticut,854757,0.001_0.06
303,7.0,Windham,2020-04-23,50025,Vermont,42222,0.001_0.06
302,6.0,Sullivan,2020-04-23,33019,New Hampshire,43146,0.001_0.06
288,0.0,Caledonia,2020-04-23,50005,Vermont,29993,0.001_0.06
301,3.0,Washington,2020-04-23,44009,Rhode Island,125577,0.001_0.06
299,2.0,Coos,2020-04-23,33007,New Hampshire,31563,0.001_0.06
298,1.0,York,2020-04-23,23031,Maine,207641,0.001_0.06
297,0.0,Windsor,2020-04-23,50027,Vermont,55062,0.001_0.06
296,0.0,Washington,2020-04-23,50023,Vermont,58409,0.001_0.06
295,0.0,Rutland,2020-04-23,50021,Vermont,58191,0.001_0.06
294,0.0,Orleans,2020-04-23,50019,Vermont,27037,0.001_0.06
293,0.0,Lamoille,2020-04-23,50015,Vermont,25362,0.001_0.06
292,0.0,Grand Isle,2020-04-23,50013,Vermont,7235,0.001_0.06
291,0.0,Franklin,2020-04-23,50011,Vermont,49402,0.001_0.06
290,0.0,Essex,2020-04-23,50009,Vermont,6163,0.001_0.06
300,2.0,Orange,2020-04-23,50017,Vermont,28892,0.001_0.06
831,884.0,Fairfield,2020-04-23,09001,Connecticut,943332,0.003_0.08
262,0.0,Androscoggin,2020-04-23,23001,Maine,108277,0.001_0.06
781,0.0,Franklin,2020-04-23,23007,Maine,30199,0.003_0.08
808,0.0,Lamoille,2020-04-23,50015,Vermont,25362,0.003_0.08
809,0.0,Orange,2020-04-23,50017,Vermont,28892,0.003_0.08
810,0.0,Orleans,2020-04-23,50019,Vermont,27037,0.003_0.08
811,0.0,Rutland,2020-04-23,50021,Vermont,58191,0.003_0.08
812,0.0,Windham,2020-04-23,50025,Vermont,42222,0.003_0.08
813,1.0,Oxford,2020-04-23,23017,Maine,57975,0.003_0.08
814,8.0,Merrimack,2020-04-23,33013,New Hampshire,151391,0.003_0.08
815,10.0,Washington,2020-04-23,50023,Vermont,58409,0.003_0.08
816,11.0,Windsor,2020-04-23,50027,Vermont,55062,0.003_0.08
817,12.0,Kent,2020-04-23,44003,Rhode Island,164292,0.003_0.08
807,0.0,Grand Isle,2020-04-23,50013,Vermont,7235,0.003_0.08
818,13.0,Washington,2020-04-23,44009,Rhode Island,125577,0.003_0.08
820,37.0,Cumberland,2020-04-23,23005,Maine,295003,0.003_0.08
821,50.0,Androscoggin,2020-04-23,23001,Maine,108277,0.003_0.08
822,55.0,Providence,2020-04-23,44007,Rhode Island,638931,0.003_0.08
823,78.0,New London,2020-04-23,09011,Connecticut,265206,0.003_0.08
824,88.0,New Haven,2020-04-23,09009,Connecticut,854757,0.003_0.08
825,97.0,Hillsborough,2020-04-23,33011,New Hampshire,417025,0.003_0.08
826,113.0,Windham,2020-04-23,09015,Connecticut,116782,0.003_0.08
827,141.0,Middlesex,2020-04-23,09007,Connecticut,162436,0.003_0.08
828,148.0,Tolland,2020-04-23,09013,Connecticut,150721,0.003_0.08
829,169.0,Litchfield,2020-04-23,09005,Connecticut,180333,0.003_0.08
819,19.0,Newport,2020-04-23,44005,Rhode Island,82082,0.003_0.08
780,0.0,Aroostook,2020-04-23,23003,Maine,67055,0.003_0.08
806,0.0,Franklin,2020-04-23,50011,Vermont,49402,0.003_0.08
804,0.0,Chittenden,2020-04-23,50007,Vermont,163774,0.003_0.08
782,0.0,Hancock,2020-04-23,23009,Maine,54987,0.003_0.08
783,0.0,Kennebec,2020-04-23,23011,Maine,122302,0.003_0.08
784,0.0,Knox,2020-04-23,23013,Maine,39772,0.003_0.08
785,0.0,Lincoln,2020-04-23,23015,Maine,34634,0.003_0.08
786,0.0,Penobscot,2020-04-23,23019,Maine,152148,0.003_0.08
787,0.0,Sagadahoc,2020-04-23,23023,Maine,35856,0.003_0.08
788,0.0,Somerset,2020-04-23,23025,Maine,50484,0.003_0.08
789,0.0,Waldo,2020-04-23,23027,Maine,39715,0.003_0.08
790,0.0,Washington,2020-04-23,23029,Maine,31379,0.003_0.08
791,0.0,York,2020-04-23,23031,Maine,207641,0.003_0.08
805,0.0,Essex,2020-04-23,50009,Vermont,6163,0.003_0.08
792,0.0,Belknap,2020-04-23,33001,New Hampshire,61303,0.003_0.08
794,0.0,Cheshire,2020-04-23,33005,New Hampshire,76085,0.003_0.08
795,0.0,Coos,2020-04-23,33007,New Hampshire,31563,0.003_0.08
796,0.0,Grafton,2020-04-23,33009,New Hampshire,89886,0.003_0.08
797,0.0,Rockingham,2020-04-23,33015,New Hampshire,309769,0.003_0.08
798,0.0,Strafford,2020-04-23,33017,New Hampshire,130633,0.003_0.08
799,0.0,Sullivan,2020-04-23,33019,New Hampshire,43146,0.003_0.08
800,0.0,Bristol,2020-04-23,44001,Rhode Island,48479,0.003_0.08
801,0.0,Addison,2020-04-23,50001,Vermont,36777,0.003_0.08
802,0.0,Bennington,2020-04-23,50003,Vermont,35470,0.003_0.08
803,0.0,Caledonia,2020-04-23,50005,Vermont,29993,0.003_0.08
793,0.0,Carroll,2020-04-23,33003,New Hampshire,48910,0.003_0.08
1348,301.0,Hillsborough,2020-04-23,33011,New Hampshire,417025,0.01_0.8
312,0.0,Androscoggin,2020-04-24,23001,Maine,108277,0.001_0.06
1375,21.0,Franklin,2020-04-24,50011,Vermont,49402,0.01_0.8
1352,0.0,Knox,2020-04-24,23013,Maine,39772,0.01_0.8
834,0.0,Lincoln,2020-04-24,23015,Maine,34634,0.003_0.08
833,0.0,Knox,2020-04-24,23013,Maine,39772,0.003_0.08
832,0.0,Franklin,2020-04-24,23007,Maine,30199,0.003_0.08
1401,183.0,Hartford,2020-04-24,09003,Connecticut,891720,0.01_0.8
1402,200.0,Fairfield,2020-04-24,09001,Connecticut,943332,0.01_0.8
1403,204.0,Providence,2020-04-24,44007,Rhode Island,638931,0.01_0.8
315,0.0,Franklin,2020-04-24,23007,Maine,30199,0.001_0.06
316,0.0,Hancock,2020-04-24,23009,Maine,54987,0.001_0.06
317,0.0,Kennebec,2020-04-24,23011,Maine,122302,0.001_0.06
318,0.0,Knox,2020-04-24,23013,Maine,39772,0.001_0.06
319,0.0,Lincoln,2020-04-24,23015,Maine,34634,0.001_0.06
320,0.0,Oxford,2020-04-24,23017,Maine,57975,0.001_0.06
321,0.0,Penobscot,2020-04-24,23019,Maine,152148,0.001_0.06
322,0.0,Sagadahoc,2020-04-24,23023,Maine,35856,0.001_0.06
323,0.0,Somerset,2020-04-24,23025,Maine,50484,0.001_0.06
835,0.0,Sagadahoc,2020-04-24,23023,Maine,35856,0.003_0.08
324,0.0,Waldo,2020-04-24,23027,Maine,39715,0.001_0.06
836,0.0,Bristol,2020-04-24,44001,Rhode Island,48479,0.003_0.08
838,0.0,Bennington,2020-04-24,50003,Vermont,35470,0.003_0.08
853,26.0,Coos,2020-04-24,33007,New Hampshire,31563,0.003_0.08
852,26.0,Oxford,2020-04-24,23017,Maine,57975,0.003_0.08
851,20.0,Washington,2020-04-24,23029,Maine,31379,0.003_0.08
850,15.0,Chittenden,2020-04-24,50007,Vermont,163774,0.003_0.08
849,14.0,Somerset,2020-04-24,23025,Maine,50484,0.003_0.08
848,13.0,Carroll,2020-04-24,33003,New Hampshire,48910,0.003_0.08
847,4.0,Rutland,2020-04-24,50021,Vermont,58191,0.003_0.08
846,1.0,Windham,2020-04-24,50025,Vermont,42222,0.003_0.08
845,0.0,Orleans,2020-04-24,50019,Vermont,27037,0.003_0.08
844,0.0,Orange,2020-04-24,50017,Vermont,28892,0.003_0.08
843,0.0,Lamoille,2020-04-24,50015,Vermont,25362,0.003_0.08
842,0.0,Grand Isle,2020-04-24,50013,Vermont,7235,0.003_0.08
841,0.0,Franklin,2020-04-24,50011,Vermont,49402,0.003_0.08
840,0.0,Essex,2020-04-24,50009,Vermont,6163,0.003_0.08
839,0.0,Caledonia,2020-04-24,50005,Vermont,29993,0.003_0.08
837,0.0,Addison,2020-04-24,50001,Vermont,36777,0.003_0.08
325,0.0,Washington,2020-04-24,23029,Maine,31379,0.001_0.06
326,0.0,York,2020-04-24,23031,Maine,207641,0.001_0.06
327,0.0,Belknap,2020-04-24,33001,New Hampshire,61303,0.001_0.06
348,2.0,Bristol,2020-04-24,44001,Rhode Island,48479,0.001_0.06
349,4.0,Windham,2020-04-24,09015,Connecticut,116782,0.001_0.06
350,7.0,New London,2020-04-24,09011,Connecticut,265206,0.001_0.06
351,10.0,Orange,2020-04-24,50017,Vermont,28892,0.001_0.06
352,10.0,Windham,2020-04-24,50025,Vermont,42222,0.001_0.06
353,12.0,Washington,2020-04-24,44009,Rhode Island,125577,0.001_0.06
354,14.0,Coos,2020-04-24,33007,New Hampshire,31563,0.001_0.06
355,15.0,Kent,2020-04-24,44003,Rhode Island,164292,0.001_0.06
356,35.0,Sullivan,2020-04-24,33019,New Hampshire,43146,0.001_0.06
357,50.0,New Haven,2020-04-24,09009,Connecticut,854757,0.001_0.06
358,57.0,Tolland,2020-04-24,09013,Connecticut,150721,0.001_0.06
359,58.0,Providence,2020-04-24,44007,Rhode Island,638931,0.001_0.06
360,107.0,Litchfield,2020-04-24,09005,Connecticut,180333,0.001_0.06
361,139.0,Middlesex,2020-04-24,09007,Connecticut,162436,0.001_0.06
362,492.0,Fairfield,2020-04-24,09001,Connecticut,943332,0.001_0.06
347,1.0,Hillsborough,2020-04-24,33011,New Hampshire,417025,0.001_0.06
346,0.0,Windsor,2020-04-24,50027,Vermont,55062,0.001_0.06
345,0.0,Washington,2020-04-24,50023,Vermont,58409,0.001_0.06
344,0.0,Rutland,2020-04-24,50021,Vermont,58191,0.001_0.06
328,0.0,Carroll,2020-04-24,33003,New Hampshire,48910,0.001_0.06
329,0.0,Cheshire,2020-04-24,33005,New Hampshire,76085,0.001_0.06
330,0.0,Grafton,2020-04-24,33009,New Hampshire,89886,0.001_0.06
331,0.0,Merrimack,2020-04-24,33013,New Hampshire,151391,0.001_0.06
332,0.0,Rockingham,2020-04-24,33015,New Hampshire,309769,0.001_0.06
333,0.0,Strafford,2020-04-24,33017,New Hampshire,130633,0.001_0.06
334,0.0,Newport,2020-04-24,44005,Rhode Island,82082,0.001_0.06
854,36.0,Waldo,2020-04-24,23027,Maine,39715,0.003_0.08
335,0.0,Addison,2020-04-24,50001,Vermont,36777,0.001_0.06
337,0.0,Caledonia,2020-04-24,50005,Vermont,29993,0.001_0.06
338,0.0,Chittenden,2020-04-24,50007,Vermont,163774,0.001_0.06
339,0.0,Essex,2020-04-24,50009,Vermont,6163,0.001_0.06
340,0.0,Franklin,2020-04-24,50011,Vermont,49402,0.001_0.06
341,0.0,Grand Isle,2020-04-24,50013,Vermont,7235,0.001_0.06
342,0.0,Lamoille,2020-04-24,50015,Vermont,25362,0.001_0.06
343,0.0,Orleans,2020-04-24,50019,Vermont,27037,0.001_0.06
336,0.0,Bennington,2020-04-24,50003,Vermont,35470,0.001_0.06
855,37.0,Sullivan,2020-04-24,33019,New Hampshire,43146,0.003_0.08
856,41.0,Washington,2020-04-24,50023,Vermont,58409,0.003_0.08
857,49.0,Windsor,2020-04-24,50027,Vermont,55062,0.003_0.08
1373,21.0,Sullivan,2020-04-24,33019,New Hampshire,43146,0.01_0.8
1374,21.0,Bennington,2020-04-24,50003,Vermont,35470,0.01_0.8
313,0.0,Aroostook,2020-04-24,23003,Maine,67055,0.001_0.06
1376,22.0,Aroostook,2020-04-24,23003,Maine,67055,0.01_0.8
1377,22.0,Carroll,2020-04-24,33003,New Hampshire,48910,0.01_0.8
1378,22.0,Rutland,2020-04-24,50021,Vermont,58191,0.01_0.8
1379,24.0,Belknap,2020-04-24,33001,New Hampshire,61303,0.01_0.8
1380,25.0,Windsor,2020-04-24,50027,Vermont,55062,0.01_0.8
1381,27.0,Grand Isle,2020-04-24,50013,Vermont,7235,0.01_0.8
1382,28.0,Windham,2020-04-24,09015,Connecticut,116782,0.01_0.8
1383,28.0,Grafton,2020-04-24,33009,New Hampshire,89886,0.01_0.8
1384,28.0,Newport,2020-04-24,44005,Rhode Island,82082,0.01_0.8
1385,29.0,Tolland,2020-04-24,09013,Connecticut,150721,0.01_0.8
1386,32.0,Washington,2020-04-24,50023,Vermont,58409,0.01_0.8
1387,37.0,Androscoggin,2020-04-24,23001,Maine,108277,0.01_0.8
1372,21.0,Oxford,2020-04-24,23017,Maine,57975,0.01_0.8
1371,20.0,Windham,2020-04-24,50025,Vermont,42222,0.01_0.8
1370,18.0,Cheshire,2020-04-24,33005,New Hampshire,76085,0.01_0.8
1369,17.0,Orange,2020-04-24,50017,Vermont,28892,0.01_0.8
1353,0.0,Lincoln,2020-04-24,23015,Maine,34634,0.01_0.8
1354,2.0,Essex,2020-04-24,50009,Vermont,6163,0.01_0.8
1355,4.0,New Haven,2020-04-24,09009,Connecticut,854757,0.01_0.8
1356,8.0,Washington,2020-04-24,23029,Maine,31379,0.01_0.8
1357,9.0,Bristol,2020-04-24,44001,Rhode Island,48479,0.01_0.8
1358,10.0,Franklin,2020-04-24,23007,Maine,30199,0.01_0.8
1359,11.0,New London,2020-04-24,09011,Connecticut,265206,0.01_0.8
1388,39.0,Penobscot,2020-04-24,23019,Maine,152148,0.01_0.8
1360,11.0,Lamoille,2020-04-24,50015,Vermont,25362,0.01_0.8
1362,12.0,Coos,2020-04-24,33007,New Hampshire,31563,0.01_0.8
1363,13.0,Hancock,2020-04-24,23009,Maine,54987,0.01_0.8
1364,13.0,Sagadahoc,2020-04-24,23023,Maine,35856,0.01_0.8
1365,15.0,Orleans,2020-04-24,50019,Vermont,27037,0.01_0.8
1366,16.0,Waldo,2020-04-24,23027,Maine,39715,0.01_0.8
1367,16.0,Caledonia,2020-04-24,50005,Vermont,29993,0.01_0.8
1368,17.0,Addison,2020-04-24,50001,Vermont,36777,0.01_0.8
1361,12.0,Somerset,2020-04-24,23025,Maine,50484,0.01_0.8
363,603.0,Hartford,2020-04-24,09003,Connecticut,891720,0.001_0.06
1389,40.0,Washington,2020-04-24,44009,Rhode Island,125577,0.01_0.8
1391,44.0,Kennebec,2020-04-24,23011,Maine,122302,0.01_0.8
872,139.0,Merrimack,2020-04-24,33013,New Hampshire,151391,0.003_0.08
871,112.0,Kent,2020-04-24,44003,Rhode Island,164292,0.003_0.08
870,102.0,Androscoggin,2020-04-24,23001,Maine,108277,0.003_0.08
869,102.0,Windham,2020-04-24,09015,Connecticut,116782,0.003_0.08
868,86.0,Grafton,2020-04-24,33009,New Hampshire,89886,0.003_0.08
867,83.0,Washington,2020-04-24,44009,Rhode Island,125577,0.003_0.08
866,78.0,New Haven,2020-04-24,09009,Connecticut,854757,0.003_0.08
865,76.0,New London,2020-04-24,09011,Connecticut,265206,0.003_0.08
864,75.0,Cheshire,2020-04-24,33005,New Hampshire,76085,0.003_0.08
863,71.0,Kennebec,2020-04-24,23011,Maine,122302,0.003_0.08
862,63.0,Newport,2020-04-24,44005,Rhode Island,82082,0.003_0.08
861,63.0,Aroostook,2020-04-24,23003,Maine,67055,0.003_0.08
860,57.0,Strafford,2020-04-24,33017,New Hampshire,130633,0.003_0.08
859,57.0,Belknap,2020-04-24,33001,New Hampshire,61303,0.003_0.08
858,53.0,Hancock,2020-04-24,23009,Maine,54987,0.003_0.08
873,143.0,Tolland,2020-04-24,09013,Connecticut,150721,0.003_0.08
874,146.0,Middlesex,2020-04-24,09007,Connecticut,162436,0.003_0.08
875,149.0,Penobscot,2020-04-24,23019,Maine,152148,0.003_0.08
876,161.0,Litchfield,2020-04-24,09005,Connecticut,180333,0.003_0.08
1392,45.0,Strafford,2020-04-24,33017,New Hampshire,130633,0.01_0.8
1393,46.0,Merrimack,2020-04-24,33013,New Hampshire,151391,0.01_0.8
1394,47.0,Litchfield,2020-04-24,09005,Connecticut,180333,0.01_0.8
1395,47.0,Chittenden,2020-04-24,50007,Vermont,163774,0.01_0.8
1396,50.0,Kent,2020-04-24,44003,Rhode Island,164292,0.01_0.8
1397,51.0,York,2020-04-24,23031,Maine,207641,0.01_0.8
1398,89.0,Cumberland,2020-04-24,23005,Maine,295003,0.01_0.8
1390,41.0,Middlesex,2020-04-24,09007,Connecticut,162436,0.01_0.8
1399,126.0,Rockingham,2020-04-24,33015,New Hampshire,309769,0.01_0.8
883,831.0,Fairfield,2020-04-24,09001,Connecticut,943332,0.003_0.08
882,774.0,Hartford,2020-04-24,09003,Connecticut,891720,0.003_0.08
881,464.0,Providence,2020-04-24,44007,Rhode Island,638931,0.003_0.08
880,394.0,Hillsborough,2020-04-24,33011,New Hampshire,417025,0.003_0.08
879,277.0,Cumberland,2020-04-24,23005,Maine,295003,0.003_0.08
878,232.0,Rockingham,2020-04-24,33015,New Hampshire,309769,0.003_0.08
877,183.0,York,2020-04-24,23031,Maine,207641,0.003_0.08
1400,127.0,Hillsborough,2020-04-24,33011,New Hampshire,417025,0.01_0.8
314,0.0,Cumberland,2020-04-24,23005,Maine,295003,0.001_0.06
364,0.0,Androscoggin,2020-04-25,23001,Maine,108277,0.001_0.06
1405,0.0,Lincoln,2020-04-25,23015,Maine,34634,0.01_0.8
1431,10.0,Windham,2020-04-25,50025,Vermont,42222,0.01_0.8
1432,11.0,Grafton,2020-04-25,33009,New Hampshire,89886,0.01_0.8
1433,11.0,Bennington,2020-04-25,50003,Vermont,35470,0.01_0.8
1434,11.0,Washington,2020-04-25,50023,Vermont,58409,0.01_0.8
1435,13.0,Windham,2020-04-25,09015,Connecticut,116782,0.01_0.8
1436,15.0,Carroll,2020-04-25,33003,New Hampshire,48910,0.01_0.8
1437,15.0,Strafford,2020-04-25,33017,New Hampshire,130633,0.01_0.8
1438,15.0,Newport,2020-04-25,44005,Rhode Island,82082,0.01_0.8
1439,16.0,Tolland,2020-04-25,09013,Connecticut,150721,0.01_0.8
1440,17.0,Androscoggin,2020-04-25,23001,Maine,108277,0.01_0.8
1441,17.0,Penobscot,2020-04-25,23019,Maine,152148,0.01_0.8
1442,20.0,Kennebec,2020-04-25,23011,Maine,122302,0.01_0.8
1443,21.0,Kent,2020-04-25,44003,Rhode Island,164292,0.01_0.8
1444,22.0,Middlesex,2020-04-25,09007,Connecticut,162436,0.01_0.8
1445,22.0,Chittenden,2020-04-25,50007,Vermont,163774,0.01_0.8
1446,23.0,Merrimack,2020-04-25,33013,New Hampshire,151391,0.01_0.8
1447,24.0,Litchfield,2020-04-25,09005,Connecticut,180333,0.01_0.8
1448,24.0,Washington,2020-04-25,44009,Rhode Island,125577,0.01_0.8
1449,29.0,York,2020-04-25,23031,Maine,207641,0.01_0.8
1450,43.0,Cumberland,2020-04-25,23005,Maine,295003,0.01_0.8
1451,51.0,Rockingham,2020-04-25,33015,New Hampshire,309769,0.01_0.8
1430,10.0,Rutland,2020-04-25,50021,Vermont,58191,0.01_0.8
1404,0.0,Knox,2020-04-25,23013,Maine,39772,0.01_0.8
1429,10.0,Grand Isle,2020-04-25,50013,Vermont,7235,0.01_0.8
1427,10.0,Cheshire,2020-04-25,33005,New Hampshire,76085,0.01_0.8
1406,0.0,Essex,2020-04-25,50009,Vermont,6163,0.01_0.8
1407,1.0,New Haven,2020-04-25,09009,Connecticut,854757,0.01_0.8
1408,2.0,Franklin,2020-04-25,23007,Maine,30199,0.01_0.8
1409,2.0,Bristol,2020-04-25,44001,Rhode Island,48479,0.01_0.8
1410,2.0,Lamoille,2020-04-25,50015,Vermont,25362,0.01_0.8
1411,4.0,Washington,2020-04-25,23029,Maine,31379,0.01_0.8
1412,4.0,Coos,2020-04-25,33007,New Hampshire,31563,0.01_0.8
1413,4.0,Orleans,2020-04-25,50019,Vermont,27037,0.01_0.8
1414,5.0,Sullivan,2020-04-25,33019,New Hampshire,43146,0.01_0.8
1415,5.0,Addison,2020-04-25,50001,Vermont,36777,0.01_0.8
1416,6.0,New London,2020-04-25,09011,Connecticut,265206,0.01_0.8
1417,6.0,Aroostook,2020-04-25,23003,Maine,67055,0.01_0.8
1418,6.0,Sagadahoc,2020-04-25,23023,Maine,35856,0.01_0.8
1419,7.0,Somerset,2020-04-25,23025,Maine,50484,0.01_0.8
1420,7.0,Waldo,2020-04-25,23027,Maine,39715,0.01_0.8
1421,7.0,Orange,2020-04-25,50017,Vermont,28892,0.01_0.8
1422,8.0,Hancock,2020-04-25,23009,Maine,54987,0.01_0.8
1423,8.0,Oxford,2020-04-25,23017,Maine,57975,0.01_0.8
1424,8.0,Caledonia,2020-04-25,50005,Vermont,29993,0.01_0.8
1425,8.0,Windsor,2020-04-25,50027,Vermont,55062,0.01_0.8
1426,9.0,Belknap,2020-04-25,33001,New Hampshire,61303,0.01_0.8
1428,10.0,Franklin,2020-04-25,50011,Vermont,49402,0.01_0.8
1454,94.0,Fairfield,2020-04-25,09001,Connecticut,943332,0.01_0.8
1453,73.0,Hartford,2020-04-25,09003,Connecticut,891720,0.01_0.8
366,0.0,Cumberland,2020-04-25,23005,Maine,295003,0.001_0.06
908,50.0,Belknap,2020-04-25,33001,New Hampshire,61303,0.003_0.08
907,49.0,Windsor,2020-04-25,50027,Vermont,55062,0.003_0.08
906,48.0,Somerset,2020-04-25,23025,Maine,50484,0.003_0.08
905,47.0,Washington,2020-04-25,50023,Vermont,58409,0.003_0.08
904,44.0,Carroll,2020-04-25,33003,New Hampshire,48910,0.003_0.08
903,40.0,Sullivan,2020-04-25,33019,New Hampshire,43146,0.003_0.08
902,39.0,Rutland,2020-04-25,50021,Vermont,58191,0.003_0.08
901,38.0,Waldo,2020-04-25,23027,Maine,39715,0.003_0.08
900,35.0,Windham,2020-04-25,50025,Vermont,42222,0.003_0.08
899,33.0,Sagadahoc,2020-04-25,23023,Maine,35856,0.003_0.08
910,53.0,Oxford,2020-04-25,23017,Maine,57975,0.003_0.08
898,30.0,Bristol,2020-04-25,44001,Rhode Island,48479,0.003_0.08
896,28.0,Washington,2020-04-25,23029,Maine,31379,0.003_0.08
895,18.0,Franklin,2020-04-25,50011,Vermont,49402,0.003_0.08
894,13.0,Lamoille,2020-04-25,50015,Vermont,25362,0.003_0.08
893,5.0,Caledonia,2020-04-25,50005,Vermont,29993,0.003_0.08
892,4.0,Essex,2020-04-25,50009,Vermont,6163,0.003_0.08
891,0.0,Orleans,2020-04-25,50019,Vermont,27037,0.003_0.08
890,0.0,Orange,2020-04-25,50017,Vermont,28892,0.003_0.08
889,0.0,Grand Isle,2020-04-25,50013,Vermont,7235,0.003_0.08
888,0.0,Bennington,2020-04-25,50003,Vermont,35470,0.003_0.08
887,0.0,Addison,2020-04-25,50001,Vermont,36777,0.003_0.08
897,30.0,Coos,2020-04-25,33007,New Hampshire,31563,0.003_0.08
911,62.0,Aroostook,2020-04-25,23003,Maine,67055,0.003_0.08
912,66.0,Newport,2020-04-25,44005,Rhode Island,82082,0.003_0.08
913,68.0,New London,2020-04-25,09011,Connecticut,265206,0.003_0.08
935,756.0,Fairfield,2020-04-25,09001,Connecticut,943332,0.003_0.08
934,712.0,Hartford,2020-04-25,09003,Connecticut,891720,0.003_0.08
1455,96.0,Providence,2020-04-25,44007,Rhode Island,638931,0.01_0.8
933,572.0,Providence,2020-04-25,44007,Rhode Island,638931,0.003_0.08
932,366.0,Hillsborough,2020-04-25,33011,New Hampshire,417025,0.003_0.08
931,289.0,Rockingham,2020-04-25,33015,New Hampshire,309769,0.003_0.08
930,251.0,Cumberland,2020-04-25,23005,Maine,295003,0.003_0.08
929,193.0,York,2020-04-25,23031,Maine,207641,0.003_0.08
928,146.0,Kent,2020-04-25,44003,Rhode Island,164292,0.003_0.08
927,144.0,Litchfield,2020-04-25,09005,Connecticut,180333,0.003_0.08
926,135.0,Middlesex,2020-04-25,09007,Connecticut,162436,0.003_0.08
925,134.0,Penobscot,2020-04-25,23019,Maine,152148,0.003_0.08
924,131.0,Merrimack,2020-04-25,33013,New Hampshire,151391,0.003_0.08
923,130.0,Tolland,2020-04-25,09013,Connecticut,150721,0.003_0.08
922,124.0,Chittenden,2020-04-25,50007,Vermont,163774,0.003_0.08
921,117.0,Strafford,2020-04-25,33017,New Hampshire,130633,0.003_0.08
920,112.0,Washington,2020-04-25,44009,Rhode Island,125577,0.003_0.08
919,110.0,Kennebec,2020-04-25,23011,Maine,122302,0.003_0.08
918,94.0,Androscoggin,2020-04-25,23001,Maine,108277,0.003_0.08
917,93.0,Windham,2020-04-25,09015,Connecticut,116782,0.003_0.08
916,80.0,Grafton,2020-04-25,33009,New Hampshire,89886,0.003_0.08
915,74.0,New Haven,2020-04-25,09009,Connecticut,854757,0.003_0.08
914,69.0,Cheshire,2020-04-25,33005,New Hampshire,76085,0.003_0.08
886,0.0,Lincoln,2020-04-25,23015,Maine,34634,0.003_0.08
885,0.0,Knox,2020-04-25,23013,Maine,39772,0.003_0.08
909,51.0,Hancock,2020-04-25,23009,Maine,54987,0.003_0.08
1452,55.0,Hillsborough,2020-04-25,33011,New Hampshire,417025,0.01_0.8
389,0.0,Essex,2020-04-25,50009,Vermont,6163,0.001_0.06
388,0.0,Chittenden,2020-04-25,50007,Vermont,163774,0.001_0.06
387,0.0,Caledonia,2020-04-25,50005,Vermont,29993,0.001_0.06
386,0.0,Bennington,2020-04-25,50003,Vermont,35470,0.001_0.06
385,0.0,Addison,2020-04-25,50001,Vermont,36777,0.001_0.06
384,0.0,Newport,2020-04-25,44005,Rhode Island,82082,0.001_0.06
383,0.0,Strafford,2020-04-25,33017,New Hampshire,130633,0.001_0.06
382,0.0,Merrimack,2020-04-25,33013,New Hampshire,151391,0.001_0.06
381,0.0,Grafton,2020-04-25,33009,New Hampshire,89886,0.001_0.06
380,0.0,Cheshire,2020-04-25,33005,New Hampshire,76085,0.001_0.06
379,0.0,Carroll,2020-04-25,33003,New Hampshire,48910,0.001_0.06
378,0.0,Belknap,2020-04-25,33001,New Hampshire,61303,0.001_0.06
377,0.0,Washington,2020-04-25,23029,Maine,31379,0.001_0.06
376,0.0,Waldo,2020-04-25,23027,Maine,39715,0.001_0.06
375,0.0,Somerset,2020-04-25,23025,Maine,50484,0.001_0.06
374,0.0,Sagadahoc,2020-04-25,23023,Maine,35856,0.001_0.06
373,0.0,Penobscot,2020-04-25,23019,Maine,152148,0.001_0.06
372,0.0,Oxford,2020-04-25,23017,Maine,57975,0.001_0.06
371,0.0,Lincoln,2020-04-25,23015,Maine,34634,0.001_0.06
370,0.0,Knox,2020-04-25,23013,Maine,39772,0.001_0.06
369,0.0,Kennebec,2020-04-25,23011,Maine,122302,0.001_0.06
368,0.0,Hancock,2020-04-25,23009,Maine,54987,0.001_0.06
884,0.0,Franklin,2020-04-25,23007,Maine,30199,0.003_0.08
390,0.0,Grand Isle,2020-04-25,50013,Vermont,7235,0.001_0.06
391,0.0,Lamoille,2020-04-25,50015,Vermont,25362,0.001_0.06
367,0.0,Franklin,2020-04-25,23007,Maine,30199,0.001_0.06
393,0.0,Rutland,2020-04-25,50021,Vermont,58191,0.001_0.06
392,0.0,Orleans,2020-04-25,50019,Vermont,27037,0.001_0.06
415,842.0,Fairfield,2020-04-25,09001,Connecticut,943332,0.001_0.06
414,818.0,Hartford,2020-04-25,09003,Connecticut,891720,0.001_0.06
413,165.0,Litchfield,2020-04-25,09005,Connecticut,180333,0.001_0.06
412,141.0,Middlesex,2020-04-25,09007,Connecticut,162436,0.001_0.06
411,112.0,Providence,2020-04-25,44007,Rhode Island,638931,0.001_0.06
410,111.0,Tolland,2020-04-25,09013,Connecticut,150721,0.001_0.06
409,91.0,Hillsborough,2020-04-25,33011,New Hampshire,417025,0.001_0.06
408,67.0,New Haven,2020-04-25,09009,Connecticut,854757,0.001_0.06
407,58.0,Windham,2020-04-25,09015,Connecticut,116782,0.001_0.06
406,40.0,Sullivan,2020-04-25,33019,New Hampshire,43146,0.001_0.06
405,38.0,Kent,2020-04-25,44003,Rhode Island,164292,0.001_0.06
365,0.0,Aroostook,2020-04-25,23003,Maine,67055,0.001_0.06
403,17.0,Washington,2020-04-25,44009,Rhode Island,125577,0.001_0.06
402,14.0,Orange,2020-04-25,50017,Vermont,28892,0.001_0.06
401,13.0,Windham,2020-04-25,50025,Vermont,42222,0.001_0.06
400,13.0,Bristol,2020-04-25,44001,Rhode Island,48479,0.001_0.06
399,12.0,New London,2020-04-25,09011,Connecticut,265206,0.001_0.06
398,9.0,Rockingham,2020-04-25,33015,New Hampshire,309769,0.001_0.06
397,4.0,Franklin,2020-04-25,50011,Vermont,49402,0.001_0.06
396,4.0,York,2020-04-25,23031,Maine,207641,0.001_0.06
395,0.0,Windsor,2020-04-25,50027,Vermont,55062,0.001_0.06
394,0.0,Washington,2020-04-25,50023,Vermont,58409,0.001_0.06
404,26.0,Coos,2020-04-25,33007,New Hampshire,31563,0.001_0.06
970,89.0,Windham,2020-04-26,09015,Connecticut,116782,0.003_0.08
969,88.0,Androscoggin,2020-04-26,23001,Maine,108277,0.003_0.08
968,71.0,New Haven,2020-04-26,09009,Connecticut,854757,0.003_0.08
967,70.0,Grafton,2020-04-26,33009,New Hampshire,89886,0.003_0.08
963,58.0,Aroostook,2020-04-26,23003,Maine,67055,0.003_0.08
965,62.0,New London,2020-04-26,09011,Connecticut,265206,0.003_0.08
964,61.0,Cheshire,2020-04-26,33005,New Hampshire,76085,0.003_0.08
971,100.0,Kennebec,2020-04-26,23011,Maine,122302,0.003_0.08
966,62.0,Newport,2020-04-26,44005,Rhode Island,82082,0.003_0.08
972,107.0,Washington,2020-04-26,44009,Rhode Island,125577,0.003_0.08
977,128.0,Litchfield,2020-04-26,09005,Connecticut,180333,0.003_0.08
974,122.0,Middlesex,2020-04-26,09007,Connecticut,162436,0.003_0.08
975,122.0,Tolland,2020-04-26,09013,Connecticut,150721,0.003_0.08
976,122.0,Merrimack,2020-04-26,33013,New Hampshire,151391,0.003_0.08
962,54.0,Rutland,2020-04-26,50021,Vermont,58191,0.003_0.08
978,130.0,Penobscot,2020-04-26,23019,Maine,152148,0.003_0.08
979,134.0,Kent,2020-04-26,44003,Rhode Island,164292,0.003_0.08
980,141.0,Chittenden,2020-04-26,50007,Vermont,163774,0.003_0.08
981,176.0,York,2020-04-26,23031,Maine,207641,0.003_0.08
982,235.0,Cumberland,2020-04-26,23005,Maine,295003,0.003_0.08
983,267.0,Rockingham,2020-04-26,33015,New Hampshire,309769,0.003_0.08
984,345.0,Hillsborough,2020-04-26,33011,New Hampshire,417025,0.003_0.08
973,111.0,Strafford,2020-04-26,33017,New Hampshire,130633,0.003_0.08
961,51.0,Hancock,2020-04-26,23009,Maine,54987,0.003_0.08
955,43.0,Washington,2020-04-26,50023,Vermont,58409,0.003_0.08
959,47.0,Oxford,2020-04-26,23017,Maine,57975,0.003_0.08
1507,42.0,Providence,2020-04-26,44007,Rhode Island,638931,0.01_0.8
936,0.0,Franklin,2020-04-26,23007,Maine,30199,0.003_0.08
937,0.0,Knox,2020-04-26,23013,Maine,39772,0.003_0.08
938,0.0,Lincoln,2020-04-26,23015,Maine,34634,0.003_0.08
939,0.0,Addison,2020-04-26,50001,Vermont,36777,0.003_0.08
940,0.0,Grand Isle,2020-04-26,50013,Vermont,7235,0.003_0.08
941,0.0,Orange,2020-04-26,50017,Vermont,28892,0.003_0.08
942,7.0,Essex,2020-04-26,50009,Vermont,6163,0.003_0.08
943,22.0,Lamoille,2020-04-26,50015,Vermont,25362,0.003_0.08
944,25.0,Washington,2020-04-26,23029,Maine,31379,0.003_0.08
945,28.0,Coos,2020-04-26,33007,New Hampshire,31563,0.003_0.08
946,28.0,Caledonia,2020-04-26,50005,Vermont,29993,0.003_0.08
947,28.0,Orleans,2020-04-26,50019,Vermont,27037,0.003_0.08
985,518.0,Providence,2020-04-26,44007,Rhode Island,638931,0.003_0.08
949,34.0,Waldo,2020-04-26,23027,Maine,39715,0.003_0.08
950,34.0,Sullivan,2020-04-26,33019,New Hampshire,43146,0.003_0.08
951,34.0,Bennington,2020-04-26,50003,Vermont,35470,0.003_0.08
952,37.0,Windham,2020-04-26,50025,Vermont,42222,0.003_0.08
953,41.0,Somerset,2020-04-26,23025,Maine,50484,0.003_0.08
954,41.0,Carroll,2020-04-26,33003,New Hampshire,48910,0.003_0.08
956,44.0,Bristol,2020-04-26,44001,Rhode Island,48479,0.003_0.08
957,44.0,Windsor,2020-04-26,50027,Vermont,55062,0.003_0.08
958,46.0,Belknap,2020-04-26,33001,New Hampshire,61303,0.003_0.08
960,47.0,Franklin,2020-04-26,50011,Vermont,49402,0.003_0.08
948,30.0,Sagadahoc,2020-04-26,23023,Maine,35856,0.003_0.08
986,651.0,Hartford,2020-04-26,09003,Connecticut,891720,0.003_0.08
1506,38.0,Fairfield,2020-04-26,09001,Connecticut,943332,0.01_0.8
443,0.0,Windsor,2020-04-26,50027,Vermont,55062,0.001_0.06
444,1.0,Strafford,2020-04-26,33017,New Hampshire,130633,0.001_0.06
445,1.0,Newport,2020-04-26,44005,Rhode Island,82082,0.001_0.06
446,8.0,York,2020-04-26,23031,Maine,207641,0.001_0.06
447,8.0,Franklin,2020-04-26,50011,Vermont,49402,0.001_0.06
448,11.0,New London,2020-04-26,09011,Connecticut,265206,0.001_0.06
449,16.0,Rutland,2020-04-26,50021,Vermont,58191,0.001_0.06
450,16.0,Windham,2020-04-26,50025,Vermont,42222,0.001_0.06
451,18.0,Orange,2020-04-26,50017,Vermont,28892,0.001_0.06
452,27.0,Coos,2020-04-26,33007,New Hampshire,31563,0.001_0.06
987,701.0,Fairfield,2020-04-26,09001,Connecticut,943332,0.003_0.08
453,37.0,Washington,2020-04-26,44009,Rhode Island,125577,0.001_0.06
455,40.0,Bristol,2020-04-26,44001,Rhode Island,48479,0.001_0.06
456,43.0,Cheshire,2020-04-26,33005,New Hampshire,76085,0.001_0.06
457,59.0,New Haven,2020-04-26,09009,Connecticut,854757,0.001_0.06
458,61.0,Kent,2020-04-26,44003,Rhode Island,164292,0.001_0.06
459,98.0,Rockingham,2020-04-26,33015,New Hampshire,309769,0.001_0.06
460,109.0,Windham,2020-04-26,09015,Connecticut,116782,0.001_0.06
461,134.0,Middlesex,2020-04-26,09007,Connecticut,162436,0.001_0.06
462,134.0,Tolland,2020-04-26,09013,Connecticut,150721,0.001_0.06
463,155.0,Litchfield,2020-04-26,09005,Connecticut,180333,0.001_0.06
464,230.0,Providence,2020-04-26,44007,Rhode Island,638931,0.001_0.06
454,39.0,Sullivan,2020-04-26,33019,New Hampshire,43146,0.001_0.06
465,273.0,Hillsborough,2020-04-26,33011,New Hampshire,417025,0.001_0.06
441,0.0,Orleans,2020-04-26,50019,Vermont,27037,0.001_0.06
439,0.0,Grand Isle,2020-04-26,50013,Vermont,7235,0.001_0.06
416,0.0,Androscoggin,2020-04-26,23001,Maine,108277,0.001_0.06
418,0.0,Cumberland,2020-04-26,23005,Maine,295003,0.001_0.06
419,0.0,Franklin,2020-04-26,23007,Maine,30199,0.001_0.06
420,0.0,Hancock,2020-04-26,23009,Maine,54987,0.001_0.06
421,0.0,Kennebec,2020-04-26,23011,Maine,122302,0.001_0.06
422,0.0,Knox,2020-04-26,23013,Maine,39772,0.001_0.06
423,0.0,Lincoln,2020-04-26,23015,Maine,34634,0.001_0.06
424,0.0,Oxford,2020-04-26,23017,Maine,57975,0.001_0.06
425,0.0,Penobscot,2020-04-26,23019,Maine,152148,0.001_0.06
426,0.0,Sagadahoc,2020-04-26,23023,Maine,35856,0.001_0.06
440,0.0,Lamoille,2020-04-26,50015,Vermont,25362,0.001_0.06
427,0.0,Somerset,2020-04-26,23025,Maine,50484,0.001_0.06
429,0.0,Washington,2020-04-26,23029,Maine,31379,0.001_0.06
430,0.0,Belknap,2020-04-26,33001,New Hampshire,61303,0.001_0.06
431,0.0,Carroll,2020-04-26,33003,New Hampshire,48910,0.001_0.06
432,0.0,Grafton,2020-04-26,33009,New Hampshire,89886,0.001_0.06
433,0.0,Merrimack,2020-04-26,33013,New Hampshire,151391,0.001_0.06
434,0.0,Addison,2020-04-26,50001,Vermont,36777,0.001_0.06
435,0.0,Bennington,2020-04-26,50003,Vermont,35470,0.001_0.06
436,0.0,Caledonia,2020-04-26,50005,Vermont,29993,0.001_0.06
437,0.0,Chittenden,2020-04-26,50007,Vermont,163774,0.001_0.06
438,0.0,Essex,2020-04-26,50009,Vermont,6163,0.001_0.06
428,0.0,Waldo,2020-04-26,23027,Maine,39715,0.001_0.06
466,780.0,Hartford,2020-04-26,09003,Connecticut,891720,0.001_0.06
442,0.0,Washington,2020-04-26,50023,Vermont,58409,0.001_0.06
1456,0.0,New Haven,2020-04-26,09009,Connecticut,854757,0.01_0.8
1484,5.0,Bennington,2020-04-26,50003,Vermont,35470,0.01_0.8
1485,5.0,Windsor,2020-04-26,50027,Vermont,55062,0.01_0.8
1486,6.0,Windham,2020-04-26,09015,Connecticut,116782,0.01_0.8
1487,6.0,Penobscot,2020-04-26,23019,Maine,152148,0.01_0.8
1488,6.0,Grand Isle,2020-04-26,50013,Vermont,7235,0.01_0.8
1489,7.0,Middlesex,2020-04-26,09007,Connecticut,162436,0.01_0.8
1490,7.0,Carroll,2020-04-26,33003,New Hampshire,48910,0.01_0.8
1491,7.0,Cheshire,2020-04-26,33005,New Hampshire,76085,0.01_0.8
1492,8.0,Franklin,2020-04-26,50011,Vermont,49402,0.01_0.8
1493,9.0,Tolland,2020-04-26,09013,Connecticut,150721,0.01_0.8
1494,9.0,Androscoggin,2020-04-26,23001,Maine,108277,0.01_0.8
1495,10.0,Kent,2020-04-26,44003,Rhode Island,164292,0.01_0.8
1496,10.0,Washington,2020-04-26,44009,Rhode Island,125577,0.01_0.8
1497,10.0,Chittenden,2020-04-26,50007,Vermont,163774,0.01_0.8
1498,12.0,Kennebec,2020-04-26,23011,Maine,122302,0.01_0.8
1499,13.0,York,2020-04-26,23031,Maine,207641,0.01_0.8
1500,13.0,Merrimack,2020-04-26,33013,New Hampshire,151391,0.01_0.8
1501,15.0,Litchfield,2020-04-26,09005,Connecticut,180333,0.01_0.8
1502,19.0,Rockingham,2020-04-26,33015,New Hampshire,309769,0.01_0.8
1503,20.0,Cumberland,2020-04-26,23005,Maine,295003,0.01_0.8
1504,27.0,Hartford,2020-04-26,09003,Connecticut,891720,0.01_0.8
1505,30.0,Hillsborough,2020-04-26,33011,New Hampshire,417025,0.01_0.8
467,824.0,Fairfield,2020-04-26,09001,Connecticut,943332,0.001_0.06
1483,5.0,Strafford,2020-04-26,33017,New Hampshire,130633,0.01_0.8
1482,4.0,Windham,2020-04-26,50025,Vermont,42222,0.01_0.8
417,0.0,Aroostook,2020-04-26,23003,Maine,67055,0.001_0.06
1480,4.0,Rutland,2020-04-26,50021,Vermont,58191,0.01_0.8
1457,0.0,Franklin,2020-04-26,23007,Maine,30199,0.01_0.8
1458,0.0,Knox,2020-04-26,23013,Maine,39772,0.01_0.8
1459,0.0,Lincoln,2020-04-26,23015,Maine,34634,0.01_0.8
1460,0.0,Grafton,2020-04-26,33009,New Hampshire,89886,0.01_0.8
1461,0.0,Essex,2020-04-26,50009,Vermont,6163,0.01_0.8
1462,0.0,Orleans,2020-04-26,50019,Vermont,27037,0.01_0.8
1481,4.0,Washington,2020-04-26,50023,Vermont,58409,0.01_0.8
1464,1.0,Lamoille,2020-04-26,50015,Vermont,25362,0.01_0.8
1465,1.0,Orange,2020-04-26,50017,Vermont,28892,0.01_0.8
1466,2.0,Hancock,2020-04-26,23009,Maine,54987,0.01_0.8
1467,2.0,Oxford,2020-04-26,23017,Maine,57975,0.01_0.8
1463,1.0,Sullivan,2020-04-26,33019,New Hampshire,43146,0.01_0.8
1469,2.0,Coos,2020-04-26,33007,New Hampshire,31563,0.01_0.8
1468,2.0,Sagadahoc,2020-04-26,23023,Maine,35856,0.01_0.8
1478,4.0,Belknap,2020-04-26,33001,New Hampshire,61303,0.01_0.8
1477,4.0,Somerset,2020-04-26,23025,Maine,50484,0.01_0.8
1476,4.0,New London,2020-04-26,09011,Connecticut,265206,0.01_0.8
1475,3.0,Caledonia,2020-04-26,50005,Vermont,29993,0.01_0.8
1479,4.0,Newport,2020-04-26,44005,Rhode Island,82082,0.01_0.8
1473,3.0,Washington,2020-04-26,23029,Maine,31379,0.01_0.8
1472,3.0,Waldo,2020-04-26,23027,Maine,39715,0.01_0.8
1471,3.0,Aroostook,2020-04-26,23003,Maine,67055,0.01_0.8
1470,2.0,Bristol,2020-04-26,44001,Rhode Island,48479,0.01_0.8
1474,3.0,Addison,2020-04-26,50001,Vermont,36777,0.01_0.8
1536,4.0,Somerset,2020-04-27,23025,Maine,50484,0.01_0.8
1537,4.0,Newport,2020-04-27,44005,Rhode Island,82082,0.01_0.8
1538,4.0,Rutland,2020-04-27,50021,Vermont,58191,0.01_0.8
1539,4.0,Washington,2020-04-27,50023,Vermont,58409,0.01_0.8
1540,4.0,Windham,2020-04-27,50025,Vermont,42222,0.01_0.8
1541,5.0,Bennington,2020-04-27,50003,Vermont,35470,0.01_0.8
1542,5.0,Windsor,2020-04-27,50027,Vermont,55062,0.01_0.8
1543,6.0,Windham,2020-04-27,09015,Connecticut,116782,0.01_0.8
1544,6.0,Penobscot,2020-04-27,23019,Maine,152148,0.01_0.8
1545,6.0,Grand Isle,2020-04-27,50013,Vermont,7235,0.01_0.8
1557,26.0,Hartford,2020-04-27,09003,Connecticut,891720,0.01_0.8
1547,7.0,Franklin,2020-04-27,50011,Vermont,49402,0.01_0.8
1548,9.0,Tolland,2020-04-27,09013,Connecticut,150721,0.01_0.8
1549,9.0,Androscoggin,2020-04-27,23001,Maine,108277,0.01_0.8
1550,10.0,Kent,2020-04-27,44003,Rhode Island,164292,0.01_0.8
1551,10.0,Washington,2020-04-27,44009,Rhode Island,125577,0.01_0.8
1552,10.0,Chittenden,2020-04-27,50007,Vermont,163774,0.01_0.8
1553,12.0,Kennebec,2020-04-27,23011,Maine,122302,0.01_0.8
1554,13.0,York,2020-04-27,23031,Maine,207641,0.01_0.8
1555,15.0,Litchfield,2020-04-27,09005,Connecticut,180333,0.01_0.8
1556,20.0,Cumberland,2020-04-27,23005,Maine,295003,0.01_0.8
1535,4.0,New London,2020-04-27,09011,Connecticut,265206,0.01_0.8
1546,7.0,Middlesex,2020-04-27,09007,Connecticut,162436,0.01_0.8
1534,3.0,Caledonia,2020-04-27,50005,Vermont,29993,0.01_0.8
1522,0.0,Essex,2020-04-27,50009,Vermont,6163,0.01_0.8
1532,3.0,Waldo,2020-04-27,23027,Maine,39715,0.01_0.8
1509,0.0,Franklin,2020-04-27,23007,Maine,30199,0.01_0.8
1510,0.0,Knox,2020-04-27,23013,Maine,39772,0.01_0.8
1511,0.0,Lincoln,2020-04-27,23015,Maine,34634,0.01_0.8
1512,0.0,Belknap,2020-04-27,33001,New Hampshire,61303,0.01_0.8
1513,0.0,Carroll,2020-04-27,33003,New Hampshire,48910,0.01_0.8
1514,0.0,Cheshire,2020-04-27,33005,New Hampshire,76085,0.01_0.8
1515,0.0,Coos,2020-04-27,33007,New Hampshire,31563,0.01_0.8
1516,0.0,Grafton,2020-04-27,33009,New Hampshire,89886,0.01_0.8
1517,0.0,Hillsborough,2020-04-27,33011,New Hampshire,417025,0.01_0.8
1518,0.0,Merrimack,2020-04-27,33013,New Hampshire,151391,0.01_0.8
1533,3.0,Addison,2020-04-27,50001,Vermont,36777,0.01_0.8
1519,0.0,Rockingham,2020-04-27,33015,New Hampshire,309769,0.01_0.8
1521,0.0,Sullivan,2020-04-27,33019,New Hampshire,43146,0.01_0.8
1523,0.0,Orleans,2020-04-27,50019,Vermont,27037,0.01_0.8
1524,1.0,Lamoille,2020-04-27,50015,Vermont,25362,0.01_0.8
1525,1.0,Orange,2020-04-27,50017,Vermont,28892,0.01_0.8
1526,2.0,Hancock,2020-04-27,23009,Maine,54987,0.01_0.8
1527,2.0,Oxford,2020-04-27,23017,Maine,57975,0.01_0.8
1528,2.0,Sagadahoc,2020-04-27,23023,Maine,35856,0.01_0.8
1529,2.0,Washington,2020-04-27,23029,Maine,31379,0.01_0.8
1530,2.0,Bristol,2020-04-27,44001,Rhode Island,48479,0.01_0.8
1531,3.0,Aroostook,2020-04-27,23003,Maine,67055,0.01_0.8
1520,0.0,Strafford,2020-04-27,33017,New Hampshire,130633,0.01_0.8
1508,0.0,New Haven,2020-04-27,09009,Connecticut,854757,0.01_0.8
518,779.0,Hartford,2020-04-27,09003,Connecticut,891720,0.001_0.06
1039,701.0,Fairfield,2020-04-27,09001,Connecticut,943332,0.003_0.08
490,0.0,Essex,2020-04-27,50009,Vermont,6163,0.001_0.06
489,0.0,Chittenden,2020-04-27,50007,Vermont,163774,0.001_0.06
488,0.0,Caledonia,2020-04-27,50005,Vermont,29993,0.001_0.06
487,0.0,Bennington,2020-04-27,50003,Vermont,35470,0.001_0.06
486,0.0,Addison,2020-04-27,50001,Vermont,36777,0.001_0.06
485,0.0,Merrimack,2020-04-27,33013,New Hampshire,151391,0.001_0.06
484,0.0,Grafton,2020-04-27,33009,New Hampshire,89886,0.001_0.06
483,0.0,Carroll,2020-04-27,33003,New Hampshire,48910,0.001_0.06
482,0.0,Belknap,2020-04-27,33001,New Hampshire,61303,0.001_0.06
481,0.0,Washington,2020-04-27,23029,Maine,31379,0.001_0.06
491,0.0,Grand Isle,2020-04-27,50013,Vermont,7235,0.001_0.06
480,0.0,Waldo,2020-04-27,23027,Maine,39715,0.001_0.06
478,0.0,Sagadahoc,2020-04-27,23023,Maine,35856,0.001_0.06
477,0.0,Penobscot,2020-04-27,23019,Maine,152148,0.001_0.06
476,0.0,Oxford,2020-04-27,23017,Maine,57975,0.001_0.06
475,0.0,Lincoln,2020-04-27,23015,Maine,34634,0.001_0.06
474,0.0,Knox,2020-04-27,23013,Maine,39772,0.001_0.06
473,0.0,Kennebec,2020-04-27,23011,Maine,122302,0.001_0.06
472,0.0,Hancock,2020-04-27,23009,Maine,54987,0.001_0.06
471,0.0,Franklin,2020-04-27,23007,Maine,30199,0.001_0.06
470,0.0,Cumberland,2020-04-27,23005,Maine,295003,0.001_0.06
469,0.0,Aroostook,2020-04-27,23003,Maine,67055,0.001_0.06
479,0.0,Somerset,2020-04-27,23025,Maine,50484,0.001_0.06
492,0.0,Lamoille,2020-04-27,50015,Vermont,25362,0.001_0.06
493,0.0,Orleans,2020-04-27,50019,Vermont,27037,0.001_0.06
494,0.0,Washington,2020-04-27,50023,Vermont,58409,0.001_0.06
517,273.0,Hillsborough,2020-04-27,33011,New Hampshire,417025,0.001_0.06
516,231.0,Providence,2020-04-27,44007,Rhode Island,638931,0.001_0.06
515,155.0,Litchfield,2020-04-27,09005,Connecticut,180333,0.001_0.06
514,134.0,Tolland,2020-04-27,09013,Connecticut,150721,0.001_0.06
513,134.0,Middlesex,2020-04-27,09007,Connecticut,162436,0.001_0.06
512,109.0,Windham,2020-04-27,09015,Connecticut,116782,0.001_0.06
511,99.0,Rockingham,2020-04-27,33015,New Hampshire,309769,0.001_0.06
510,61.0,Kent,2020-04-27,44003,Rhode Island,164292,0.001_0.06
509,59.0,New Haven,2020-04-27,09009,Connecticut,854757,0.001_0.06
508,43.0,Cheshire,2020-04-27,33005,New Hampshire,76085,0.001_0.06
507,40.0,Bristol,2020-04-27,44001,Rhode Island,48479,0.001_0.06
506,39.0,Sullivan,2020-04-27,33019,New Hampshire,43146,0.001_0.06
505,37.0,Washington,2020-04-27,44009,Rhode Island,125577,0.001_0.06
504,27.0,Coos,2020-04-27,33007,New Hampshire,31563,0.001_0.06
503,18.0,Orange,2020-04-27,50017,Vermont,28892,0.001_0.06
502,17.0,Rutland,2020-04-27,50021,Vermont,58191,0.001_0.06
501,16.0,Windham,2020-04-27,50025,Vermont,42222,0.001_0.06
500,11.0,New London,2020-04-27,09011,Connecticut,265206,0.001_0.06
499,9.0,York,2020-04-27,23031,Maine,207641,0.001_0.06
498,8.0,Franklin,2020-04-27,50011,Vermont,49402,0.001_0.06
497,1.0,Newport,2020-04-27,44005,Rhode Island,82082,0.001_0.06
496,1.0,Strafford,2020-04-27,33017,New Hampshire,130633,0.001_0.06
495,0.0,Windsor,2020-04-27,50027,Vermont,55062,0.001_0.06
468,0.0,Androscoggin,2020-04-27,23001,Maine,108277,0.001_0.06
519,824.0,Fairfield,2020-04-27,09001,Connecticut,943332,0.001_0.06
1558,38.0,Fairfield,2020-04-27,09001,Connecticut,943332,0.01_0.8
989,0.0,Aroostook,2020-04-27,23003,Maine,67055,0.003_0.08
1017,44.0,Bristol,2020-04-27,44001,Rhode Island,48479,0.003_0.08
1018,46.0,Belknap,2020-04-27,33001,New Hampshire,61303,0.003_0.08
1019,47.0,Franklin,2020-04-27,50011,Vermont,49402,0.003_0.08
1020,54.0,Rutland,2020-04-27,50021,Vermont,58191,0.003_0.08
1021,61.0,Cheshire,2020-04-27,33005,New Hampshire,76085,0.003_0.08
1022,62.0,New London,2020-04-27,09011,Connecticut,265206,0.003_0.08
1023,62.0,Newport,2020-04-27,44005,Rhode Island,82082,0.003_0.08
1024,70.0,Grafton,2020-04-27,33009,New Hampshire,89886,0.003_0.08
1025,71.0,New Haven,2020-04-27,09009,Connecticut,854757,0.003_0.08
1026,89.0,Windham,2020-04-27,09015,Connecticut,116782,0.003_0.08
1016,43.0,Windsor,2020-04-27,50027,Vermont,55062,0.003_0.08
1027,107.0,Washington,2020-04-27,44009,Rhode Island,125577,0.003_0.08
1029,122.0,Middlesex,2020-04-27,09007,Connecticut,162436,0.003_0.08
1030,122.0,Tolland,2020-04-27,09013,Connecticut,150721,0.003_0.08
1031,122.0,Merrimack,2020-04-27,33013,New Hampshire,151391,0.003_0.08
1032,128.0,Litchfield,2020-04-27,09005,Connecticut,180333,0.003_0.08
1033,134.0,Kent,2020-04-27,44003,Rhode Island,164292,0.003_0.08
1034,141.0,Chittenden,2020-04-27,50007,Vermont,163774,0.003_0.08
1035,267.0,Rockingham,2020-04-27,33015,New Hampshire,309769,0.003_0.08
1036,345.0,Hillsborough,2020-04-27,33011,New Hampshire,417025,0.003_0.08
1037,517.0,Providence,2020-04-27,44007,Rhode Island,638931,0.003_0.08
1038,650.0,Hartford,2020-04-27,09003,Connecticut,891720,0.003_0.08
1028,111.0,Strafford,2020-04-27,33017,New Hampshire,130633,0.003_0.08
1015,43.0,Washington,2020-04-27,50023,Vermont,58409,0.003_0.08
1014,41.0,Carroll,2020-04-27,33003,New Hampshire,48910,0.003_0.08
1013,37.0,Windham,2020-04-27,50025,Vermont,42222,0.003_0.08
990,0.0,Cumberland,2020-04-27,23005,Maine,295003,0.003_0.08
991,0.0,Franklin,2020-04-27,23007,Maine,30199,0.003_0.08
992,0.0,Hancock,2020-04-27,23009,Maine,54987,0.003_0.08
993,0.0,Kennebec,2020-04-27,23011,Maine,122302,0.003_0.08
994,0.0,Knox,2020-04-27,23013,Maine,39772,0.003_0.08
995,0.0,Lincoln,2020-04-27,23015,Maine,34634,0.003_0.08
996,0.0,Oxford,2020-04-27,23017,Maine,57975,0.003_0.08
997,0.0,Penobscot,2020-04-27,23019,Maine,152148,0.003_0.08
998,0.0,Sagadahoc,2020-04-27,23023,Maine,35856,0.003_0.08
999,0.0,Somerset,2020-04-27,23025,Maine,50484,0.003_0.08
1000,0.0,Waldo,2020-04-27,23027,Maine,39715,0.003_0.08
1001,0.0,Washington,2020-04-27,23029,Maine,31379,0.003_0.08
1002,0.0,York,2020-04-27,23031,Maine,207641,0.003_0.08
1003,0.0,Addison,2020-04-27,50001,Vermont,36777,0.003_0.08
1004,0.0,Grand Isle,2020-04-27,50013,Vermont,7235,0.003_0.08
1005,0.0,Orange,2020-04-27,50017,Vermont,28892,0.003_0.08
1006,7.0,Essex,2020-04-27,50009,Vermont,6163,0.003_0.08
1007,22.0,Lamoille,2020-04-27,50015,Vermont,25362,0.003_0.08
1008,28.0,Coos,2020-04-27,33007,New Hampshire,31563,0.003_0.08
1009,28.0,Caledonia,2020-04-27,50005,Vermont,29993,0.003_0.08
1010,28.0,Orleans,2020-04-27,50019,Vermont,27037,0.003_0.08
1011,33.0,Sullivan,2020-04-27,33019,New Hampshire,43146,0.003_0.08
1012,34.0,Bennington,2020-04-27,50003,Vermont,35470,0.003_0.08
988,0.0,Androscoggin,2020-04-27,23001,Maine,108277,0.003_0.08
1559,41.0,Providence,2020-04-27,44007,Rhode Island,638931,0.01_0.8
